CPRO,CMUN,DC,NOMBRE
1,1,4,Alegria-Dulantzi
1,2,9,Amurrio
1,49,3,Añana
1,3,5,Aramaio
1,6,6,Armiñon
1,37,6,Arraia-Maeztu
1,8,8,Arrazua-Ubarrundia
1,4,0,Artziniega
1,9,1,Asparrena
1,10,5,Ayala/Aiara
1,11,2,Baños de Ebro/Mañueta
1,13,3,Barrundia
1,14,8,Berantevilla
1,16,4,Bernedo
1,17,0,Campezo/Kanpezu
1,21,0,Elburgo/Burgelu
1,22,5,Elciego
1,23,1,Elvillar/Bilar
1,46,8,Erriberagoitia/Ribera Alta
1,56,5,Harana/Valle de Arana
1,901,5,Iruña Oka/Iruña de Oca
1,27,8,Iruraiz-Gauna
1,19,9,Kripan
1,20,3,Kuartango
1,28,4,Labastida/Bastida
1,30,1,Lagran
1,31,8,Laguardia
1,32,3,Lanciego/Lantziego
1,902,0,Lantaron
1,33,9,Lapuebla de Labarca
1,36,0,Laudio/Llodio
1,58,7,Legutio
1,34,4,Leza
1,39,5,Moreda de Alava
1,41,6,Navaridas
1,42,1,Okondo
1,43,7,Oyon-Oion
1,44,2,Peñacerrada-Urizaharra
1,47,4,Ribera Baja/Erribera Beitia
1,51,3,Salvatierra/Agurain
1,52,8,Samaniego
1,53,4,San Millan/Donemiliaga
1,54,9,Urkabustaiz
1,55,2,Valdegovia/Gaubea
1,57,1,Villabuena de Alava/Eskuernaga
1,59,0,Vitoria-Gasteiz
1,60,4,Yecora/Iekora
1,61,1,Zalduondo
1,62,6,Zambrana
1,18,6,Zigoitia
1,63,2,Zuia
2,1,9,Abengibre
2,2,4,Alatoz
2,3,0,Albacete
2,4,5,Albatana
2,5,8,Alborea
2,6,1,Alcadozo
2,7,7,Alcala del Jucar
2,8,3,Alcaraz
2,9,6,Almansa
2,10,0,Alpera
2,11,7,Ayna
2,12,2,Balazote
2,14,3,"Ballestero, El"
2,13,8,Balsa de Ves
2,15,6,Barrax
2,16,9,Bienservida
2,17,5,Bogarra
2,18,1,Bonete
2,19,4,"Bonillo, El"
2,20,8,Carcelen
2,21,5,Casas de Juan Nuñez
2,22,0,Casas de Lazaro
2,23,6,Casas de Ves
2,24,1,Casas-Ibañez
2,25,4,Caudete
2,26,7,Cenizate
2,29,2,Chinchilla de Monte-Aragon
2,27,3,Corral-Rubio
2,28,9,Cotillas
2,30,6,Elche de la Sierra
2,31,3,Ferez
2,32,8,Fuensanta
2,33,4,Fuente-Alamo
2,34,9,Fuentealbilla
2,35,2,"Gineta, La"
2,36,5,Golosalvo
2,37,1,Hellin
2,38,7,"Herrera, La"
2,39,0,Higueruela
2,40,4,Hoya-Gonzalo
2,41,1,Jorquera
2,42,6,Letur
2,43,2,Lezuza
2,44,7,Lietor
2,45,0,Madrigueras
2,46,3,Mahora
2,47,9,Masegoso
2,48,5,Minaya
2,49,8,Molinicos
2,50,1,Montalvos
2,51,8,Montealegre del Castillo
2,52,3,Motilleja
2,53,9,Munera
2,54,4,Navas de Jorquera
2,55,7,Nerpio
2,56,0,Ontur
2,57,6,Ossa de Montiel
2,58,2,Paterna del Madera
2,60,9,Peñas de San Pedro
2,59,5,Peñascosa
2,61,6,Petrola
2,62,1,Povedilla
2,901,0,Pozo Cañada
2,63,7,Pozohondo
2,64,2,Pozo-Lorente
2,65,5,Pozuelo
2,66,8,"Recueja, La"
2,67,4,Riopar
2,68,0,Robledo
2,69,3,"Roda, La"
2,70,7,Salobre
2,71,4,San Pedro
2,72,9,Socovos
2,73,5,Tarazona de la Mancha
2,74,0,Tobarra
2,75,3,Valdeganga
2,76,6,Vianos
2,77,2,Villa de Ves
2,78,8,Villalgordo del Jucar
2,79,1,Villamalea
2,80,5,Villapalacios
2,81,2,Villarrobledo
2,82,7,Villatoya
2,83,3,Villavaliente
2,84,8,Villaverde de Guadalimar
2,85,1,Viveros
2,86,4,Yeste
3,1,5,Adsubia
3,2,0,Agost
3,3,6,Agres
3,4,1,Aigües
3,5,4,Albatera
3,6,7,Alcalali
3,7,3,Alcocer de Planes
3,8,9,Alcoleja
3,9,2,Alcoy/Alcoi
3,10,6,Alfafara
3,11,3,"Alfàs del Pi, l'"
3,12,8,Algorfa
3,13,4,Algueña
3,14,9,Alicante/Alacant
3,15,2,Almoradi
3,16,5,Almudaina
3,17,1,"Alqueria d'Asnar, l'"
3,18,7,Altea
3,19,0,Aspe
3,20,4,Balones
3,21,1,Banyeres de Mariola
3,22,6,Benasau
3,23,2,Beneixama
3,24,7,Benejuzar
3,25,0,Benferri
3,26,3,Beniarbeig
3,27,9,Beniarda
3,28,5,Beniarres
3,30,2,Benidoleig
3,31,9,Benidorm
3,32,4,Benifallim
3,33,0,Benifato
3,29,8,Benigembla
3,34,5,Benijofar
3,35,8,Benilloba
3,36,1,Benillup
3,37,7,Benimantell
3,38,3,Benimarfull
3,39,6,Benimassot
3,40,0,Benimeli
3,41,7,Benissa
3,42,2,"Benitachell/Poble Nou de Benitatxell, el"
3,43,8,Biar
3,44,3,Bigastro
3,45,6,Bolulla
3,46,9,Busot
3,49,4,Callosa de Segura
3,48,1,Callosa d'En Sarrià
3,47,5,Calp
3,50,7,"Campello, el"
3,51,4,"Campo de Mirra/Camp de Mirra, el"
3,52,9,Cañada
3,53,5,Castalla
3,54,0,Castell de Castells
3,75,9,"Castell de Guadalest, el"
3,55,3,Catral
3,56,6,Cocentaina
3,57,2,Confrides
3,58,8,Cox
3,59,1,Crevillent
3,61,2,Daya Nueva
3,62,7,Daya Vieja
3,63,3,Denia
3,64,8,Dolores
3,65,1,Elche/Elx
3,66,4,Elda
3,67,0,Facheca
3,68,6,Famorca
3,69,9,Finestrat
3,77,8,"Fondo de les Neus, el/Hondon de las Nieves"
3,70,3,Formentera del Segura
3,72,5,Gaianes
3,71,0,Gata de Gorgos
3,73,1,Gorga
3,74,6,Granja de Rocamora
3,76,2,Guardamar del Segura
3,78,4,Hondon de los Frailes
3,79,7,Ibi
3,80,1,Jacarilla
3,82,3,Javea/Xàbia
3,83,9,Jijona/Xixona
3,85,7,Lliber
3,84,4,"Lorcha/Orxa, l'"
3,86,0,Millena
3,88,2,Monforte del Cid
3,89,5,Monovar/Monòver
3,903,7,"Montesinos, Los"
3,91,6,Murla
3,92,1,Muro de Alcoy
3,90,9,Mutxamel
3,93,7,Novelda
3,94,2,"Nucia, la"
3,95,5,Ondara
3,96,8,Onil
3,97,4,Orba
3,99,3,Orihuela
3,98,0,Orxeta
3,100,7,Parcent
3,101,4,Pedreguer
3,102,9,Pego
3,103,5,Penàguila
3,104,0,Petrer
3,902,1,Pilar de la Horadada
3,105,3,"Pinos, el/Pinoso"
3,106,6,Planes
3,901,6,"Poblets, els"
3,107,2,Polop
3,60,5,Quatretondeta
3,109,1,Rafal
3,110,5,"Ràfol d'Almunia, el"
3,111,2,Redovan
3,112,7,Relleu
3,113,3,Rojales
3,114,8,"Romana, la"
3,115,1,Sagra
3,116,4,Salinas
3,118,6,San Fulgencio
3,904,2,San Isidro
3,120,3,San Miguel de Salinas
3,122,5,San Vicente del Raspeig/Sant Vicent del Raspeig
3,117,0,Sanet y Negrals
3,119,9,Sant Joan d'Alacant
3,121,0,Santa Pola
3,123,1,Sax
3,124,6,Sella
3,125,9,Senija
3,127,8,Tàrbena
3,128,4,Teulada
3,129,7,Tibi
3,130,1,Tollos
3,131,8,Tormos
3,132,3,"Torremanzanas/Torre de les Maçanes, la"
3,133,9,Torrevieja
3,134,4,"Vall d'Alcalà, la"
3,136,0,Vall de Gallinera
3,137,6,"Vall de Laguar, la"
3,135,7,"Vall d'Ebo, la"
3,138,2,"Verger, el"
3,139,5,"Villajoyosa/Vila Joiosa, la"
3,140,9,Villena
3,81,8,Xalo
4,1,0,Abla
4,2,5,Abrucena
4,3,1,Adra
4,4,6,Albanchez
4,5,9,Alboloduy
4,6,2,Albox
4,7,8,Alcolea
4,8,4,Alcontar
4,9,7,Alcudia de Monteagud
4,10,1,Alhabia
4,11,8,Alhama de Almeria
4,12,3,Alicun
4,13,9,Almeria
4,14,4,Almocita
4,15,7,Alsodux
4,16,0,Antas
4,17,6,Arboleas
4,18,2,Armuña de Almanzora
4,19,5,Bacares
4,20,9,Bayarcal
4,21,6,Bayarque
4,22,1,Bedar
4,23,7,Beires
4,24,2,Benahadux
4,26,8,Benitagla
4,27,4,Benizalon
4,28,0,Bentarique
4,29,3,Berja
4,30,7,Canjayar
4,31,4,Cantoria
4,32,9,Carboneras
4,33,5,Castro de Filabres
4,36,6,Chercos
4,37,2,Chirivel
4,34,0,Cobdar
4,35,3,Cuevas del Almanzora
4,38,8,Dalias
4,902,6,"Ejido, El"
4,41,2,Enix
4,43,3,Felix
4,44,8,Fines
4,45,1,Fiñana
4,46,4,Fondon
4,47,0,Gador
4,48,6,"Gallardos, Los"
4,49,9,Garrucha
4,50,2,Gergal
4,51,9,Huecija
4,52,4,Huercal de Almeria
4,53,0,Huercal-Overa
4,54,5,Illar
4,55,8,Instincion
4,56,1,Laroya
4,57,7,Laujar de Andarax
4,58,3,Lijar
4,59,6,Lubrin
4,60,0,Lucainena de las Torres
4,61,7,Lucar
4,62,2,Macael
4,63,8,Maria
4,64,3,Mojacar
4,903,2,"Mojonera, La"
4,65,6,Nacimiento
4,66,9,Nijar
4,67,5,Ohanes
4,68,1,Olula de Castro
4,69,4,Olula del Rio
4,70,8,Oria
4,71,5,Padules
4,72,0,Partaloa
4,73,6,Paterna del Rio
4,74,1,Pechina
4,75,4,Pulpi
4,76,7,Purchena
4,77,3,Ragol
4,78,9,Rioja
4,79,2,Roquetas de Mar
4,80,6,Santa Cruz de Marchena
4,81,3,Santa Fe de Mondujar
4,82,8,Senes
4,83,4,Seron
4,84,9,Sierro
4,85,2,Somontin
4,86,5,Sorbas
4,87,1,Sufli
4,88,7,Tabernas
4,89,0,Taberno
4,90,4,Tahal
4,91,1,Terque
4,92,6,Tijola
4,901,1,"Tres Villas, Las"
4,93,2,Turre
4,94,7,Turrillas
4,95,0,Uleila del Campo
4,96,3,Urracal
4,97,9,Velefique
4,98,5,Velez-Blanco
4,99,8,Velez-Rubio
4,100,2,Vera
4,101,9,Viator
4,102,4,Vicar
4,103,0,Zurgena
5,1,3,Adanero
5,2,8,"Adrada, La"
5,5,2,Albornos
5,7,1,Aldeanueva de Santa Cruz
5,8,7,Aldeaseca
5,10,4,"Aldehuela, La"
5,12,6,Amavida
5,13,2,"Arenal, El"
5,14,7,Arenas de San Pedro
5,15,0,Arevalillo
5,16,3,Arevalo
5,17,9,Aveinte
5,18,5,Avellaneda
5,19,8,Avila
5,21,9,"Barco de Avila, El"
5,22,4,"Barraco, El"
5,23,0,Barroman
5,24,5,Becedas
5,25,8,Becedillas
5,26,1,Bercial de Zapardiel
5,27,7,"Berlanas, Las"
5,29,6,Bernuy-Zapardiel
5,30,0,Berrocalejo de Aragona
5,33,8,Blascomillan
5,34,3,Blasconuño de Matacabras
5,35,6,Blascosancho
5,36,9,"Bohodon, El"
5,37,5,Bohoyo
5,38,1,Bonilla de la Sierra
5,39,4,Brabos
5,40,8,Bularros
5,41,5,Burgohondo
5,42,0,Cabezas de Alambre
5,43,6,Cabezas del Pozo
5,44,1,Cabezas del Villar
5,45,4,Cabizuela
5,46,7,Canales
5,47,3,Candeleda
5,48,9,Cantiveros
5,49,2,Cardeñosa
5,51,2,"Carrera, La"
5,52,7,Casas del Puerto
5,53,3,Casasola
5,54,8,Casavieja
5,55,1,Casillas
5,56,4,Castellanos de Zapardiel
5,57,0,Cebreros
5,58,6,Cepeda la Mora
5,67,8,Chamartin
5,59,9,Cillan
5,60,3,Cisla
5,61,0,"Colilla, La"
5,62,5,Collado de Contreras
5,63,1,Collado del Miron
5,64,6,Constanzana
5,65,9,Crespos
5,66,2,Cuevas del Valle
5,903,5,Diego del Carpio
5,69,7,Donjimeno
5,70,1,Donvidas
5,72,3,Espinosa de los Caballeros
5,73,9,Flores de Avila
5,74,4,Fontiveros
5,75,7,Fresnedilla
5,76,0,"Fresno, El"
5,77,6,Fuente el Sauz
5,78,2,Fuentes de Año
5,79,5,Gallegos de Altamiros
5,80,9,Gallegos de Sobrinos
5,81,6,Garganta del Villar
5,82,1,Gavilanes
5,83,7,Gemuño
5,85,5,Gil Garcia
5,84,2,Gilbuena
5,86,8,Gimialcon
5,87,4,Gotarrendura
5,88,0,Grandes y San Martin
5,89,3,Guisando
5,90,7,Gutierre-Muñoz
5,92,9,Hernansancho
5,93,5,Herradon de Pinares
5,94,0,Herreros de Suso
5,95,3,Higuera de las Dueñas
5,96,6,"Hija de Dios, La"
5,97,2,"Horcajada, La"
5,99,1,Horcajo de las Torres
5,100,5,"Hornillo, El"
5,102,7,"Hoyo de Pinares, El"
5,101,2,Hoyocasero
5,103,3,Hoyorredondo
5,106,4,Hoyos de Miguel Muñoz
5,104,8,Hoyos del Collado
5,105,1,Hoyos del Espino
5,107,0,Hurtumpascual
5,108,6,Junciana
5,109,9,Langa
5,110,3,Lanzahita
5,113,1,"Llanos de Tormes, Los"
5,112,5,"Losar del Barco, El"
5,114,6,Madrigal de las Altas Torres
5,115,9,Maello
5,116,2,Malpartida de Corneja
5,117,8,Mamblas
5,118,4,Mancera de Arriba
5,119,7,Manjabalago
5,120,1,Marlin
5,121,8,Martiherrero
5,122,3,Martinez
5,123,9,Mediana de Voltoya
5,124,4,Medinilla
5,125,7,Mengamuñoz
5,126,0,Mesegar de Corneja
5,127,6,Mijares
5,128,2,Mingorria
5,129,5,"Miron, El"
5,130,9,Mironcillo
5,131,6,Mirueña de los Infanzones
5,132,1,Mombeltran
5,133,7,Monsalupe
5,134,2,Moraleja de Matacabras
5,135,5,Muñana
5,136,8,Muñico
5,138,0,Muñogalindo
5,139,3,Muñogrande
5,140,7,Muñomer del Peco
5,141,4,Muñopepe
5,142,9,Muñosancho
5,143,5,Muñotello
5,144,0,Narrillos del Alamo
5,145,3,Narrillos del Rebollar
5,149,1,Narros de Saldueña
5,147,2,Narros del Castillo
5,148,8,Narros del Puerto
5,152,6,Nava de Arevalo
5,153,2,Nava del Barco
5,151,1,Navacepedilla de Corneja
5,154,7,Navadijos
5,155,0,Navaescurial
5,156,3,Navahondilla
5,157,9,Navalacruz
5,158,5,Navalmoral
5,159,8,Navalonguilla
5,160,2,Navalosa
5,161,9,Navalperal de Pinares
5,162,4,Navalperal de Tormes
5,163,0,Navaluenga
5,164,5,Navaquesera
5,165,8,Navarredonda de Gredos
5,166,1,Navarredondilla
5,167,7,Navarrevisca
5,168,3,"Navas del Marques, Las"
5,169,6,Navatalgordo
5,170,0,Navatejares
5,171,7,Neila de San Miguel
5,172,2,Niharra
5,173,8,Ojos-Albos
5,174,3,Orbita
5,175,6,"Oso, El"
5,176,9,Padiernos
5,177,5,Pajares de Adaja
5,178,1,Palacios de Goda
5,179,4,Papatrigo
5,180,8,"Parral, El"
5,181,5,Pascualcobo
5,182,0,Pedro Bernardo
5,183,6,Pedro-Rodriguez
5,184,1,Peguerinos
5,185,4,Peñalba de Avila
5,186,7,Piedrahita
5,187,3,Piedralaves
5,188,9,Poveda
5,189,2,Poyales del Hoyo
5,190,6,Pozanco
5,191,3,Pradosegar
5,192,8,Puerto Castilla
5,193,4,Rasueros
5,194,9,Riocabado
5,195,2,Riofrio
5,196,5,Rivilla de Barajas
5,197,1,Salobral
5,198,7,Salvadios
5,199,0,San Bartolome de Bejar
5,200,4,San Bartolome de Corneja
5,201,1,San Bartolome de Pinares
5,206,3,San Esteban de los Patos
5,208,5,San Esteban de Zapardiel
5,207,9,San Esteban del Valle
5,209,8,San Garcia de Ingelmos
5,901,4,San Juan de Gredos
5,210,2,San Juan de la Encinilla
5,211,9,San Juan de la Nava
5,212,4,San Juan del Molinillo
5,213,0,San Juan del Olmo
5,214,5,San Lorenzo de Tormes
5,215,8,San Martin de la Vega del Alberche
5,216,1,San Martin del Pimpollar
5,217,7,San Miguel de Corneja
5,218,3,San Miguel de Serrezuela
5,219,6,San Pascual
5,220,0,San Pedro del Arroyo
5,231,5,San Vicente de Arevalo
5,204,7,Sanchidrian
5,205,0,Sanchorreja
5,222,2,Santa Cruz de Pinares
5,221,7,Santa Cruz del Valle
5,226,9,Santa Maria de los Caballeros
5,224,3,Santa Maria del Arroyo
5,225,6,Santa Maria del Berrocal
5,902,9,Santa Maria del Cubillo
5,227,5,Santa Maria del Tietar
5,228,1,Santiago del Collado
5,904,0,Santiago del Tormes
5,229,4,Santo Domingo de las Posadas
5,230,8,Santo Tome de Zabarcos
5,232,0,"Serrada, La"
5,233,6,Serranillos
5,234,1,Sigeres
5,235,4,Sinlabajos
5,236,7,Solana de Avila
5,237,3,Solana de Rioalmar
5,238,9,Solosancho
5,239,2,Sotalbo
5,240,6,Sotillo de la Adrada
5,241,3,"Tiemblo, El"
5,242,8,Tiñosillos
5,243,4,Tolbaños
5,244,9,Tormellas
5,245,2,Tornadizos de Avila
5,247,1,"Torre, La"
5,246,5,Tortoles
5,249,0,Umbrias
5,251,0,Vadillo de la Sierra
5,252,5,Valdecasa
5,253,1,Vega de Santa Maria
5,254,6,Velayos
5,256,2,Villaflor
5,257,8,Villafranca de la Sierra
5,905,3,Villanueva de Avila
5,258,4,Villanueva de Gomez
5,259,7,Villanueva del Aceral
5,260,1,Villanueva del Campillo
5,261,8,Villar de Corneja
5,262,3,Villarejo del Valle
5,263,9,Villatoro
5,264,4,Viñegra de Moraña
5,265,7,Vita
5,266,0,Zapardiel de la Cañada
5,267,6,Zapardiel de la Ribera
6,1,6,Acedera
6,2,1,Aceuchal
6,3,7,Ahillones
6,4,2,Alange
6,5,5,"Albuera, La"
6,6,8,Alburquerque
6,7,4,Alconchel
6,8,0,Alconera
6,9,3,Aljucen
6,10,7,Almendral
6,11,4,Almendralejo
6,12,9,Arroyo de San Servan
6,13,5,Atalaya
6,14,0,Azuaga
6,15,3,Badajoz
6,16,6,Barcarrota
6,17,2,Baterno
6,18,8,Benquerencia de la Serena
6,19,1,Berlanga
6,20,5,Bienvenida
6,21,2,Bodonal de la Sierra
6,22,7,Burguillos del Cerro
6,23,3,Cabeza del Buey
6,24,8,Cabeza la Vaca
6,25,1,Calamonte
6,26,4,Calera de Leon
6,27,0,Calzadilla de los Barros
6,28,6,Campanario
6,29,9,Campillo de Llerena
6,30,3,Capilla
6,31,0,Carmonita
6,32,5,"Carrascalejo, El"
6,33,1,Casas de Don Pedro
6,34,6,Casas de Reina
6,35,9,Castilblanco
6,36,2,Castuera
6,42,3,Cheles
6,37,8,"Codosera, La"
6,38,4,Cordobilla de Lacara
6,39,7,"Coronada, La"
6,40,1,Corte de Peleas
6,41,8,Cristina
6,43,9,Don Alvaro
6,44,4,Don Benito
6,45,7,Entrin Bajo
6,46,0,Esparragalejo
6,47,6,Esparragosa de la Serena
6,48,2,Esparragosa de Lares
6,49,5,Feria
6,50,8,Fregenal de la Sierra
6,51,5,Fuenlabrada de los Montes
6,52,0,Fuente de Cantos
6,53,6,Fuente del Arco
6,54,1,Fuente del Maestre
6,55,4,Fuentes de Leon
6,56,7,Garbayuela
6,57,3,Garlitos
6,58,9,"Garrovilla, La"
6,59,2,Granja de Torrehermosa
6,60,6,Guareña
6,61,3,"Haba, La"
6,62,8,Helechosa de los Montes
6,63,4,Herrera del Duque
6,64,9,Higuera de la Serena
6,65,2,Higuera de Llerena
6,66,5,Higuera de Vargas
6,67,1,Higuera la Real
6,68,7,Hinojosa del Valle
6,69,0,Hornachos
6,70,4,Jerez de los Caballeros
6,71,1,"Lapa, La"
6,73,2,Llera
6,74,7,Llerena
6,72,6,Lobon
6,75,0,Magacela
6,76,3,Maguilla
6,77,9,Malcocinado
6,78,5,Malpartida de la Serena
6,79,8,Manchita
6,80,2,Medellin
6,81,9,Medina de las Torres
6,82,4,Mengabril
6,83,0,Merida
6,84,5,Mirandilla
6,85,8,Monesterio
6,86,1,Montemolin
6,87,7,Monterrubio de la Serena
6,88,3,Montijo
6,89,6,"Morera, La"
6,90,0,"Nava de Santiago, La"
6,91,7,Navalvillar de Pela
6,92,2,Nogales
6,93,8,Oliva de la Frontera
6,94,3,Oliva de Merida
6,95,6,Olivenza
6,96,9,Orellana de la Sierra
6,97,5,Orellana la Vieja
6,98,1,Palomas
6,99,4,"Parra, La"
6,100,8,Peñalsordo
6,101,5,Peraleda del Zaucejo
6,102,0,Puebla de Alcocer
6,103,6,Puebla de la Calzada
6,104,1,Puebla de la Reina
6,107,3,Puebla de Obando
6,108,9,Puebla de Sancho Perez
6,105,4,Puebla del Maestre
6,106,7,Puebla del Prior
6,902,2,Pueblonuevo del Guadiana
6,109,2,Quintana de la Serena
6,110,6,Reina
6,111,3,Rena
6,112,8,Retamal de Llerena
6,113,4,Ribera del Fresno
6,114,9,Risco
6,115,2,"Roca de la Sierra, La"
6,116,5,Salvaleon
6,117,1,Salvatierra de los Barros
6,119,0,San Pedro de Merida
6,123,2,San Vicente de Alcantara
6,118,7,Sancti-Spiritus
6,120,4,Santa Amalia
6,121,1,Santa Marta
6,122,6,"Santos de Maimona, Los"
6,124,7,Segura de Leon
6,125,0,Siruela
6,126,3,Solana de los Barros
6,127,9,Talarrubias
6,128,5,Talavera la Real
6,129,8,Taliga
6,130,2,Tamurejo
6,131,9,Torre de Miguel Sesmero
6,132,4,Torremayor
6,133,0,Torremejia
6,134,5,Trasierra
6,135,8,Trujillanos
6,136,1,Usagre
6,137,7,Valdecaballeros
6,901,7,Valdelacalzada
6,138,3,Valdetorres
6,139,6,Valencia de las Torres
6,140,0,Valencia del Mombuey
6,141,7,Valencia del Ventoso
6,146,9,Valle de la Serena
6,147,5,Valle de Matamoros
6,148,1,Valle de Santa Ana
6,142,2,Valverde de Burguillos
6,143,8,Valverde de Leganes
6,144,3,Valverde de Llerena
6,145,6,Valverde de Merida
6,149,4,Villafranca de los Barros
6,150,7,Villagarcia de la Torre
6,151,4,Villagonzalo
6,152,9,Villalba de los Barros
6,153,5,Villanueva de la Serena
6,154,0,Villanueva del Fresno
6,156,6,Villar de Rena
6,155,3,Villar del Rey
6,157,2,Villarta de los Montes
6,158,8,Zafra
6,159,1,Zahinos
6,160,5,Zalamea de la Serena
6,162,7,"Zarza, La"
6,161,2,Zarza-Capilla
7,2,7,Alaior
7,1,2,Alaro
7,3,3,Alcudia
7,4,8,Algaida
7,5,1,Andratx
7,901,3,Ariany
7,6,4,Artà
7,7,0,Banyalbufar
7,8,6,Binissalem
7,9,9,Buger
7,10,3,Bunyola
7,11,0,Calvià
7,12,5,Campanet
7,13,1,Campos
7,14,6,Capdepera
7,64,5,"Castell, Es"
7,15,9,Ciutadella de Menorca
7,16,2,Consell
7,17,8,Costitx
7,18,4,Deya
7,26,0,Eivissa
7,19,7,Escorca
7,20,1,Esporles
7,21,8,Estellencs
7,22,3,Felanitx
7,23,9,Ferreries
7,24,4,Formentera
7,25,7,Fornalutx
7,27,6,Inca
7,28,2,Lloret de Vistalegre
7,29,5,Lloseta
7,30,9,Llubi
7,31,6,Llucmajor
7,33,7,Manacor
7,34,2,Mancor de la Vall
7,32,1,Mao
7,35,5,Maria de la Salut
7,36,8,Marratxi
7,37,4,"Mercadal, Es"
7,902,8,"Migjorn Gran, Es"
7,38,0,Montuïri
7,39,3,Muro
7,40,7,Palma
7,41,4,Petra
7,44,0,"Pobla, Sa"
7,42,9,Pollença
7,43,5,Porreres
7,45,3,Puigpunyent
7,59,8,"Salines, Ses"
7,46,6,Sant Antoni de Portmany
7,49,1,Sant Joan
7,50,4,Sant Joan de Labritja
7,48,8,Sant Josep de sa Talaia
7,51,1,Sant Llorenç des Cardassar
7,52,6,Sant Lluis
7,53,2,Santa Eugènia
7,54,7,Santa Eulalia del Rio
7,55,0,Santa Margalida
7,56,3,Santa Maria del Cami
7,57,9,Santanyi
7,58,5,Selva
7,47,2,Sencelles
7,60,2,Sineu
7,61,9,Soller
7,62,4,Son Servera
7,63,0,Valldemossa
7,65,8,Vilafranca de Bonany
8,1,8,Abrera
8,2,3,Aguilar de Segarra
8,14,2,Aiguafreda
8,3,9,Alella
8,4,4,Alpens
8,5,7,"Ametlla del Vallès, L'"
8,6,0,Arenys de Mar
8,7,6,Arenys de Munt
8,8,2,Argençola
8,9,5,Argentona
8,10,9,Artes
8,11,6,Avià
8,12,1,Avinyo
8,13,7,Avinyonet del Penedès
8,15,5,Badalona
8,904,5,Badia del Vallès
8,16,8,Bagà
8,17,4,Balenyà
8,18,0,Balsareny
8,252,0,Barberà del Vallès
8,19,3,Barcelona
8,20,7,Begues
8,21,4,Bellprat
8,22,9,Berga
8,23,5,Bigues i Riells
8,24,0,Borredà
8,25,3,"Bruc, El"
8,26,6,"Brull, El"
8,27,2,"Cabanyes, Les"
8,28,8,Cabrera d'Anoia
8,29,1,Cabrera de Mar
8,30,5,Cabrils
8,31,2,Calaf
8,34,8,Calders
8,33,3,Caldes de Montbui
8,32,7,Caldes d'Estrac
8,35,1,Calella
8,37,0,Calldetenes
8,38,6,Callus
8,36,4,Calonge de Segarra
8,39,9,Campins
8,40,3,Canet de Mar
8,41,0,Canovelles
8,42,5,Cànoves i Samalus
8,43,1,Canyelles
8,44,6,Capellades
8,45,9,Capolat
8,46,2,Cardedeu
8,47,8,Cardona
8,48,4,Carme
8,49,7,Casserres
8,57,5,Castell de l'Areny
8,52,2,Castellar de n'Hug
8,50,0,Castellar del Riu
8,51,7,Castellar del Vallès
8,53,8,Castellbell i el Vilar
8,54,3,Castellbisbal
8,55,6,Castellcir
8,56,9,Castelldefels
8,58,1,Castellet i la Gornal
8,60,8,Castellfollit de Riubregos
8,59,4,Castellfollit del Boix
8,61,5,Castellgali
8,62,0,Castellnou de Bages
8,63,6,Castelloli
8,64,1,Castellterçol
8,65,4,Castellvi de la Marca
8,66,7,Castellvi de Rosanes
8,67,3,Centelles
8,268,7,Cercs
8,266,5,Cerdanyola del Vallès
8,68,9,Cervello
8,69,2,Collbato
8,70,6,Collsuspina
8,71,3,Copons
8,72,8,Corbera de Llobregat
8,73,4,Cornellà de Llobregat
8,74,9,Cubelles
8,75,2,Dosrius
8,76,5,Esparreguera
8,77,1,Esplugues de Llobregat
8,78,7,"Espunyola, L'"
8,79,0,"Estany, L'"
8,134,7,Figaro-Montmany
8,80,4,Figols
8,82,6,Fogars de la Selva
8,81,1,Fogars de Montclus
8,83,2,Folgueroles
8,84,7,Fonollosa
8,85,0,Font-rubi
8,86,3,"Franqueses del Vallès, Les"
8,90,2,Gaià
8,87,9,Gallifa
8,88,5,"Garriga, La"
8,89,8,Gavà
8,91,9,Gelida
8,92,4,Gironella
8,93,0,Gisclareny
8,94,5,"Granada, La"
8,95,8,Granera
8,96,1,Granollers
8,97,7,Gualba
8,99,6,Guardiola de Berguedà
8,100,0,Gurb
8,101,7,"Hospitalet de Llobregat, L'"
8,162,9,"Hostalets de Pierola, Els"
8,102,2,Igualada
8,103,8,Jorba
8,104,3,"Llacuna, La"
8,105,6,"Llagosta, La"
8,107,5,Lliçà d'Amunt
8,108,1,Lliçà de Vall
8,106,9,Llinars del Vallès
8,109,4,Lluçà
8,110,8,Malgrat de Mar
8,111,5,Malla
8,112,0,Manlleu
8,113,6,Manresa
8,242,3,Marganell
8,114,1,Martorell
8,115,4,Martorelles
8,116,7,"Masies de Roda, Les"
8,117,3,"Masies de Voltregà, Les"
8,118,9,"Masnou, El"
8,119,2,Masquefa
8,120,6,Matadepera
8,121,3,Mataro
8,122,8,Mediona
8,138,5,Moià
8,123,4,Molins de Rei
8,124,9,Mollet del Vallès
8,128,7,Monistrol de Calders
8,127,1,Monistrol de Montserrat
8,125,2,Montcada i Reixac
8,130,4,Montclar
8,131,1,Montesquiu
8,126,5,Montgat
8,132,6,Montmajor
8,133,2,Montmaneu
8,135,0,Montmelo
8,136,3,Montornès del Vallès
8,137,9,Montseny
8,129,0,Muntanyola
8,139,8,Mura
8,140,2,Navarcles
8,141,9,Navàs
8,142,4,"Nou de Berguedà, La"
8,143,0,Òdena
8,145,8,Olèrdola
8,146,1,Olesa de Bonesvalls
8,147,7,Olesa de Montserrat
8,148,3,Olivella
8,149,6,Olost
8,144,5,Olvan
8,150,9,Oris
8,151,6,Oristà
8,152,1,Orpi
8,153,7,Òrrius
8,154,2,Pacs del Penedès
8,155,5,Palafolls
8,156,8,Palau-solità i Plegamans
8,157,4,Pallejà
8,905,8,"Palma de Cervello, La"
8,158,0,"Papiol, El"
8,159,3,Parets del Vallès
8,160,7,Perafita
8,161,4,Piera
8,163,5,Pineda de Mar
8,164,0,"Pla del Penedès, El"
8,165,3,"Pobla de Claramunt, La"
8,166,6,"Pobla de Lillet, La"
8,167,2,Polinyà
8,182,5,"Pont de Vilomara i Rocafort, El"
8,168,8,Pontons
8,169,1,"Prat de Llobregat, El"
8,171,2,Prats de Lluçanès
8,170,5,"Prats de Rei, Els"
8,230,3,Premià de Dalt
8,172,7,Premià de Mar
8,174,8,Puigdàlber
8,175,1,Puig-reig
8,176,4,Pujalt
8,177,0,"Quar, La"
8,178,6,Rajadell
8,179,9,Rellinars
8,180,3,Ripollet
8,181,0,"Roca del Vallès, La"
8,183,1,Roda de Ter
8,184,6,Rubi
8,185,9,Rubio
8,901,9,Rupit i Pruit
8,187,8,Sabadell
8,188,4,Sagàs
8,190,1,Saldes
8,191,8,Sallent
8,194,4,Sant Adrià de Besòs
8,195,7,Sant Agusti de Lluçanès
8,196,0,Sant Andreu de la Barca
8,197,6,Sant Andreu de Llavaneres
8,198,2,Sant Antoni de Vilamajor
8,199,5,Sant Bartomeu del Grau
8,200,9,Sant Boi de Llobregat
8,201,6,Sant Boi de Lluçanès
8,203,7,Sant Cebrià de Vallalta
8,202,1,Sant Celoni
8,204,2,Sant Climent de Llobregat
8,205,5,Sant Cugat del Vallès
8,206,8,Sant Cugat Sesgarrigues
8,207,4,Sant Esteve de Palautordera
8,208,0,Sant Esteve Sesrovires
8,210,7,Sant Feliu de Codines
8,211,4,Sant Feliu de Llobregat
8,212,9,Sant Feliu Sasserra
8,209,3,Sant Fost de Campsentelles
8,213,5,Sant Fruitos de Bages
8,215,3,Sant Hipòlit de Voltregà
8,193,9,Sant Iscle de Vallalta
8,216,6,Sant Jaume de Frontanyà
8,218,8,Sant Joan de Vilatorrada
8,217,2,Sant Joan Despi
8,903,0,Sant Julià de Cerdanyola
8,220,5,Sant Julià de Vilatorta
8,221,2,Sant Just Desvern
8,222,7,Sant Llorenç d'Hortons
8,223,3,Sant Llorenç Savall
8,225,1,Sant Marti d'Albars
8,224,8,Sant Marti de Centelles
8,226,4,Sant Marti de Tous
8,227,0,Sant Marti Sarroca
8,228,6,Sant Marti Sesgueioles
8,229,9,Sant Mateu de Bages
8,231,0,Sant Pere de Ribes
8,232,5,Sant Pere de Riudebitlles
8,233,1,Sant Pere de Torello
8,234,6,Sant Pere de Vilamajor
8,189,7,Sant Pere Sallavinera
8,235,9,Sant Pol de Mar
8,236,2,Sant Quinti de Mediona
8,237,8,Sant Quirze de Besora
8,238,4,Sant Quirze del Vallès
8,239,7,Sant Quirze Safaja
8,240,1,Sant Sadurni d'Anoia
8,241,8,Sant Sadurni d'Osormort
8,98,3,Sant Salvador de Guardiola
8,262,8,Sant Vicenç de Castellet
8,264,9,Sant Vicenç de Montalt
8,265,2,Sant Vicenç de Torello
8,263,4,Sant Vicenç dels Horts
8,243,9,Santa Cecilia de Voltregà
8,244,4,Santa Coloma de Cervello
8,245,7,Santa Coloma de Gramenet
8,246,0,Santa Eugènia de Berga
8,247,6,Santa Eulàlia de Riuprimer
8,248,2,Santa Eulàlia de Ronçana
8,249,5,Santa Fe del Penedès
8,250,8,Santa Margarida de Montbui
8,251,5,Santa Margarida i els Monjos
8,253,6,Santa Maria de Besora
8,254,1,Santa Maria de Corco
8,256,7,Santa Maria de Martorelles
8,255,4,Santa Maria de Merlès
8,257,3,Santa Maria de Miralles
8,259,2,Santa Maria de Palautordera
8,258,9,Santa Maria d'Olo
8,260,6,Santa Perpètua de Mogoda
8,261,3,Santa Susanna
8,192,3,Santpedor
8,267,1,Sentmenat
8,269,0,Seva
8,270,4,Sitges
8,271,1,Sobremunt
8,272,6,Sora
8,273,2,Subirats
8,274,7,Suria
8,276,3,Tagamanent
8,277,9,Talamanca
8,278,5,Taradell
8,275,0,Tavèrnoles
8,280,2,Tavertet
8,281,9,Teià
8,279,8,Terrassa
8,282,4,Tiana
8,283,0,Tona
8,284,5,Tordera
8,285,8,Torello
8,286,1,"Torre de Claramunt, La"
8,287,7,Torrelavit
8,288,3,Torrelles de Foix
8,289,6,Torrelles de Llobregat
8,290,0,Ullastrell
8,291,7,Vacarisses
8,292,2,Vallbona d'Anoia
8,293,8,Vallcebre
8,294,3,Vallgorguina
8,295,6,Vallirana
8,296,9,Vallromanes
8,297,5,Veciana
8,298,1,Vic
8,299,4,Vilada
8,301,5,Viladecans
8,300,8,Viladecavalls
8,305,4,Vilafranca del Penedès
8,306,7,Vilalba Sasserra
8,303,6,Vilanova de Sau
8,302,0,Vilanova del Cami
8,902,4,Vilanova del Vallès
8,307,3,Vilanova i la Geltru
8,214,0,Vilassar de Dalt
8,219,1,Vilassar de Mar
8,304,1,Vilobi del Penedès
8,308,9,Viver i Serrateix
9,1,1,Abajas
9,3,2,Adrada de Haza
9,6,3,Aguas Candidas
9,7,9,Aguilar de Bureba
9,9,8,Albillos
9,10,2,Alcocero de Mola
9,11,9,Alfoz de Bricia
9,907,0,Alfoz de Quintanadueñas
9,12,4,Alfoz de Santa Gadea
9,13,0,Altable
9,14,5,"Altos, Los"
9,16,1,Ameyugo
9,17,7,Anguix
9,18,3,Aranda de Duero
9,19,6,Arandilla
9,20,0,Arauzo de Miel
9,21,7,Arauzo de Salce
9,22,2,Arauzo de Torre
9,23,8,Arcos
9,24,3,Arenillas de Riopisuerga
9,25,6,Arija
9,26,9,Arlanzon
9,27,5,Arraya de Oca
9,29,4,Atapuerca
9,30,8,"Ausines, Los"
9,32,0,Avellanosa de Muño
9,33,6,Bahabon de Esgueva
9,34,1,"Balbases, Los"
9,35,4,Baños de Valdearados
9,36,7,Bañuelos de Bureba
9,37,3,Barbadillo de Herreros
9,38,9,Barbadillo del Mercado
9,39,2,Barbadillo del Pez
9,41,3,Barrio de Muño
9,43,4,"Barrios de Bureba, Los"
9,44,9,Barrios de Colina
9,45,2,Basconcillos del Tozo
9,46,5,Bascuñana
9,47,1,Belbimbre
9,48,7,Belorado
9,50,3,Berberana
9,51,0,Berlangas de Roa
9,52,5,Berzosa de Bureba
9,54,6,Bozoo
9,55,9,Brazacorta
9,56,2,Briviesca
9,57,8,Bugedo
9,58,4,Buniel
9,59,7,Burgos
9,60,1,Busto de Bureba
9,61,8,Cabañes de Esgueva
9,62,3,Cabezon de la Sierra
9,64,4,Caleruega
9,65,7,Campillo de Aranda
9,66,0,Campolara
9,67,6,Canicosa de la Sierra
9,68,2,Cantabrana
9,70,9,Carazo
9,71,6,Carcedo de Bureba
9,72,1,Carcedo de Burgos
9,73,7,Cardeñadijo
9,74,2,Cardeñajimeno
9,75,5,Cardeñuela Riopico
9,76,8,Carrias
9,77,4,Cascajares de Bureba
9,78,0,Cascajares de la Sierra
9,79,3,Castellanos de Castro
9,83,5,Castil de Peones
9,82,9,Castildelgado
9,84,0,Castrillo de la Reina
9,85,3,Castrillo de la Vega
9,88,8,Castrillo de Riopisuerga
9,86,6,Castrillo del Val
9,90,5,Castrillo Matajudios
9,91,2,Castrojeriz
9,63,9,Cavia
9,93,3,Cayuela
9,94,8,Cebrecos
9,95,1,Celada del Camino
9,98,6,Cerezo de Rio Tiron
9,100,3,Cerraton de Juarros
9,101,0,Ciadoncha
9,102,5,Cillaperlata
9,103,1,Cilleruelo de Abajo
9,104,6,Cilleruelo de Arriba
9,105,9,Ciruelos de Cervera
9,108,4,Cogollos
9,109,7,Condado de Treviño
9,110,1,Contreras
9,112,3,Coruña del Conde
9,113,9,Covarrubias
9,114,4,Cubillo del Campo
9,115,7,Cubo de Bureba
9,117,6,"Cueva de Roa, La"
9,119,5,Cuevas de San Clemente
9,120,9,Encio
9,122,1,Espinosa de Cervera
9,124,2,Espinosa de los Monteros
9,123,7,Espinosa del Camino
9,125,5,Estepar
9,127,4,Fontioso
9,128,0,Frandovinez
9,129,3,Fresneda de la Sierra Tiron
9,130,7,Fresneña
9,131,4,Fresnillo de las Dueñas
9,132,9,Fresno de Rio Tiron
9,133,5,Fresno de Rodilla
9,134,0,Frias
9,135,3,Fuentebureba
9,136,6,Fuentecen
9,137,2,Fuentelcesped
9,138,8,Fuentelisendo
9,139,1,Fuentemolinos
9,140,5,Fuentenebro
9,141,2,Fuentespina
9,143,3,Galbarros
9,144,8,"Gallega, La"
9,148,6,Grijalba
9,149,9,Grisaleña
9,151,9,Gumiel de Izan
9,152,4,Gumiel de Mercado
9,154,5,Hacinas
9,155,8,Haza
9,159,6,Hontanas
9,160,0,Hontangas
9,162,2,Hontoria de la Cantera
9,164,3,Hontoria de Valdearados
9,163,8,Hontoria del Pinar
9,166,9,"Hormazas, Las"
9,167,5,Hornillos del Camino
9,168,1,"Horra, La"
9,169,4,Hortigüela
9,170,8,Hoyales de Roa
9,172,0,Huermeces
9,173,6,Huerta de Arriba
9,174,1,Huerta de Rey
9,175,4,Humada
9,176,7,Hurones
9,177,3,Ibeas de Juarros
9,178,9,Ibrillos
9,179,2,Iglesiarrubia
9,180,6,Iglesias
9,181,3,Isar
9,182,8,Itero del Castillo
9,183,4,Jaramillo de la Fuente
9,184,9,Jaramillo Quemado
9,189,0,Junta de Traslaloma
9,190,4,Junta de Villalba de Losa
9,191,1,Jurisdiccion de Lara
9,192,6,Jurisdiccion de San Zadornil
9,194,7,Lerma
9,195,0,Llano de Bureba
9,196,3,Madrigal del Monte
9,197,9,Madrigalejo del Monte
9,198,5,Mahamud
9,199,8,Mambrilla de Castrejon
9,200,2,Mambrillas de Lara
9,201,9,Mamolar
9,202,4,Manciles
9,206,1,Mazuela
9,208,3,Mecerreyes
9,209,6,Medina de Pomar
9,211,7,Melgar de Fernamental
9,213,8,Merindad de Cuesta-Urria
9,214,3,Merindad de Montija
9,906,4,Merindad de Rio Ubierna
9,215,6,Merindad de Sotoscueva
9,216,9,Merindad de Valdeporres
9,217,5,Merindad de Valdivielso
9,218,1,Milagros
9,219,4,Miranda de Ebro
9,220,8,Miraveche
9,221,5,Modubar de la Emparedada
9,223,6,Monasterio de la Sierra
9,224,1,Monasterio de Rodilla
9,225,4,Moncalvillo
9,226,7,Monterrubio de la Demanda
9,227,3,Montorio
9,228,9,Moradillo de Roa
9,229,2,Nava de Roa
9,230,6,Navas de Bureba
9,231,3,Nebreda
9,232,8,Neila
9,235,2,Olmedillo de Roa
9,236,5,Olmillos de Muño
9,238,7,Oña
9,239,0,Oquillas
9,241,1,Orbaneja Riopico
9,242,6,Padilla de Abajo
9,243,2,Padilla de Arriba
9,244,7,Padrones de Bureba
9,246,3,Palacios de la Sierra
9,247,9,Palacios de Riopisuerga
9,248,5,Palazuelos de la Sierra
9,249,8,Palazuelos de Muño
9,250,1,Pampliega
9,251,8,Pancorbo
9,253,9,Pardilla
9,255,7,Partido de la Sierra en Tobalina
9,256,0,Pedrosa de Duero
9,259,5,Pedrosa de Rio Urbel
9,257,6,Pedrosa del Paramo
9,258,2,Pedrosa del Principe
9,261,6,Peñaranda de Duero
9,262,1,Peral de Arlanza
9,265,5,Piernigas
9,266,8,Pineda de la Sierra
9,267,4,Pineda Trasmonte
9,268,0,Pinilla de los Barruecos
9,269,3,Pinilla de los Moros
9,270,7,Pinilla Trasmonte
9,272,9,Poza de la Sal
9,273,5,Pradanos de Bureba
9,274,0,Pradoluengo
9,275,3,Presencio
9,276,6,"Puebla de Arganzon, La"
9,277,2,Puentedura
9,279,1,Quemada
9,281,2,Quintana del Pidio
9,280,5,Quintanabureba
9,283,3,Quintanaelez
9,287,0,Quintanaortuño
9,288,6,Quintanapalla
9,289,9,Quintanar de la Sierra
9,292,5,Quintanavides
9,294,6,Quintanilla de la Mata
9,901,2,Quintanilla del Agua y Tordueles
9,295,9,Quintanilla del Coco
9,298,4,Quintanilla San Garcia
9,301,8,Quintanilla Vivar
9,297,8,"Quintanillas, Las"
9,302,3,Rabanera del Pinar
9,303,9,Rabanos
9,304,4,Rabe de las Calzadas
9,306,0,Rebolledo de la Torre
9,307,6,Redecilla del Camino
9,308,2,Redecilla del Campo
9,309,5,Regumiel de la Sierra
9,310,9,Reinoso
9,311,6,Retuerta
9,314,2,Revilla del Campo
9,316,8,Revilla Vallejera
9,312,1,"Revilla y Ahedo, La"
9,315,5,Revillarruz
9,317,4,Rezmondo
9,318,0,Riocavado de la Sierra
9,321,4,Roa
9,323,5,Rojas
9,325,3,Royuela de Rio Franco
9,326,6,Rubena
9,327,2,Rublacedo de Abajo
9,328,8,Rucandio
9,329,1,Salas de Bureba
9,330,5,Salas de los Infantes
9,332,7,Saldaña de Burgos
9,334,8,Salinillas de Bureba
9,335,1,San Adrian de Juarros
9,337,0,San Juan del Monte
9,338,6,San Mames de Burgos
9,339,9,San Martin de Rubiales
9,340,3,San Millan de Lara
9,360,8,San Vicente del Valle
9,343,1,Santa Cecilia
9,345,9,Santa Cruz de la Salceda
9,346,2,Santa Cruz del Valle Urbion
9,347,8,Santa Gadea del Cid
9,348,4,Santa Ines
9,350,0,Santa Maria del Campo
9,351,7,Santa Maria del Invierno
9,352,2,Santa Maria del Mercadillo
9,353,8,Santa Maria Rivarredonda
9,354,3,Santa Olalla de Bureba
9,355,6,Santibañez de Esgueva
9,356,9,Santibañez del Val
9,358,1,Santo Domingo de Silos
9,361,5,Sargentes de la Lora
9,362,0,Sarracin
9,363,6,Sasamon
9,365,4,"Sequera de Haza, La"
9,366,7,Solarana
9,368,9,Sordillos
9,369,2,Sotillo de la Ribera
9,372,8,Sotragero
9,373,4,Sotresgudo
9,374,9,Susinos del Paramo
9,375,2,Tamaron
9,377,1,Tardajos
9,378,7,Tejada
9,380,4,Terradillos de Esgueva
9,381,1,Tinieblas de la Sierra
9,382,6,Tobar
9,384,7,Tordomar
9,386,3,Torrecilla del Monte
9,387,9,Torregalindo
9,388,5,Torrelara
9,389,8,Torrepadre
9,390,2,Torresandino
9,391,9,Tortoles de Esgueva
9,392,4,Tosantos
9,394,5,Trespaderne
9,395,8,Tubilla del Agua
9,396,1,Tubilla del Lago
9,398,3,Urbel del Castillo
9,400,0,Vadocondes
9,403,8,Valdeande
9,405,6,Valdezate
9,406,9,Valdorros
9,408,1,Vallarta de Bureba
9,904,8,Valle de las Navas
9,908,6,Valle de Losa
9,409,4,Valle de Manzanedo
9,410,8,Valle de Mena
9,411,5,Valle de Oca
9,902,7,Valle de Santibañez
9,905,1,Valle de Sedano
9,412,0,Valle de Tobalina
9,413,6,Valle de Valdebezana
9,414,1,Valle de Valdelaguna
9,415,4,Valle de Valdelucio
9,416,7,Valle de Zamanzas
9,417,3,Vallejera
9,418,9,Valles de Palenzuela
9,419,2,Valluercanes
9,407,5,Valmala
9,422,8,"Vid de Bureba, La"
9,421,3,"Vid y Barrios, La"
9,423,4,Vileña
9,427,1,Villadiego
9,428,7,Villaescusa de Roa
9,429,0,Villaescusa la Sombria
9,430,4,Villaespasa
9,431,1,Villafranca Montes de Oca
9,432,6,Villafruela
9,433,2,Villagalijo
9,434,7,Villagonzalo Pedernales
9,437,9,Villahoz
9,438,5,Villalba de Duero
9,439,8,Villalbilla de Burgos
9,440,2,Villalbilla de Gumiel
9,441,9,Villaldemiro
9,442,4,Villalmanzo
9,443,0,Villamayor de los Montes
9,444,5,Villamayor de Treviño
9,445,8,Villambistia
9,446,1,Villamedianilla
9,447,7,Villamiel de la Sierra
9,448,3,Villangomez
9,449,6,Villanueva de Argaño
9,450,9,Villanueva de Carazo
9,451,6,Villanueva de Gumiel
9,454,2,Villanueva de Teba
9,455,5,Villaquiran de la Puebla
9,456,8,Villaquiran de los Infantes
9,903,3,Villarcayo de Merindad de Castilla la Vieja
9,458,0,Villariezo
9,460,7,Villasandino
9,463,5,Villasur de Herreros
9,464,0,Villatuelda
9,466,6,Villaverde del Monte
9,467,2,Villaverde-Mogina
9,471,2,Villayerno Morquillas
9,472,7,Villazopeque
9,473,3,Villegas
9,476,4,Villoruebo
9,424,9,Viloria de Rioja
9,425,2,Vilviestre del Pinar
9,478,6,Vizcainos
9,480,3,Zael
9,482,5,Zarzosa de Rio Pisuerga
9,483,1,Zazuar
9,485,9,Zuñeda
10,1,5,Abadia
10,2,0,Abertura
10,3,6,Acebo
10,4,1,Acehuche
10,5,4,Aceituna
10,6,7,Ahigal
10,903,7,Alagon del Rio
10,7,3,Albala
10,8,9,Alcantara
10,9,2,Alcollarin
10,10,6,Alcuescar
10,12,8,Aldea del Cano
10,13,4,"Aldea del Obispo, La"
10,11,3,Aldeacentenera
10,14,9,Aldeanueva de la Vera
10,15,2,Aldeanueva del Camino
10,16,5,Aldehuela de Jerte
10,17,1,Alia
10,18,7,Aliseda
10,19,0,Almaraz
10,20,4,Almoharin
10,21,1,Arroyo de la Luz
10,23,2,Arroyomolinos
10,22,6,Arroyomolinos de la Vera
10,24,7,Baños de Montemayor
10,25,0,Barrado
10,26,3,Belvis de Monroy
10,27,9,Benquerencia
10,28,5,Berrocalejo
10,29,8,Berzocana
10,30,2,Bohonal de Ibor
10,31,9,Botija
10,32,4,Brozas
10,33,0,Cabañas del Castillo
10,34,5,Cabezabellosa
10,35,8,Cabezuela del Valle
10,36,1,Cabrero
10,37,7,Caceres
10,38,3,Cachorrilla
10,39,6,Cadalso
10,40,0,Calzadilla
10,41,7,Caminomorisco
10,42,2,Campillo de Deleitosa
10,43,8,Campo Lugar
10,44,3,Cañamero
10,45,6,Cañaveral
10,46,9,Carbajo
10,47,5,Carcaboso
10,48,1,Carrascalejo
10,49,4,Casar de Caceres
10,50,7,Casar de Palomero
10,51,4,Casares de las Hurdes
10,52,9,Casas de Don Antonio
10,53,5,Casas de Don Gomez
10,56,6,Casas de Millan
10,57,2,Casas de Miravete
10,54,0,Casas del Castañar
10,55,3,Casas del Monte
10,58,8,Casatejada
10,59,1,Casillas de Coria
10,60,5,Castañar de Ibor
10,61,2,Ceclavin
10,62,7,Cedillo
10,63,3,Cerezo
10,64,8,Cilleros
10,65,1,Collado
10,66,4,Conquista de la Sierra
10,67,0,Coria
10,68,6,Cuacos de Yuste
10,69,9,"Cumbre, La"
10,70,3,Deleitosa
10,71,0,Descargamaria
10,72,5,Eljas
10,73,1,Escurial
10,75,9,Fresnedoso de Ibor
10,76,2,Galisteo
10,77,8,Garciaz
10,78,4,"Garganta, La"
10,79,7,Garganta la Olla
10,80,1,Gargantilla
10,81,8,Gargüera
10,82,3,Garrovillas de Alconetar
10,83,9,Garvin
10,84,4,Gata
10,85,7,"Gordo, El"
10,86,0,"Granja, La"
10,87,6,Guadalupe
10,88,2,Guijo de Coria
10,89,5,Guijo de Galisteo
10,90,9,Guijo de Granadilla
10,91,6,Guijo de Santa Barbara
10,92,1,Herguijuela
10,93,7,Hernan-Perez
10,94,2,Herrera de Alcantara
10,95,5,Herreruela
10,96,8,Hervas
10,97,4,Higuera
10,98,0,Hinojal
10,99,3,Holguera
10,100,7,Hoyos
10,101,4,Huelaga
10,102,9,Ibahernando
10,103,5,Jaraicejo
10,104,0,Jaraiz de la Vera
10,105,3,Jarandilla de la Vera
10,106,6,Jarilla
10,107,2,Jerte
10,108,8,Ladrillar
10,109,1,Logrosan
10,110,5,Losar de la Vera
10,111,2,Madrigal de la Vera
10,112,7,Madrigalejo
10,113,3,Madroñera
10,114,8,Majadas
10,115,1,Malpartida de Caceres
10,116,4,Malpartida de Plasencia
10,117,0,Marchagaz
10,118,6,Mata de Alcantara
10,119,9,Membrio
10,120,3,Mesas de Ibor
10,121,0,Miajadas
10,122,5,Millanes
10,123,1,Mirabel
10,124,6,Mohedas de Granadilla
10,125,9,Monroy
10,126,2,Montanchez
10,127,8,Montehermoso
10,128,4,Moraleja
10,129,7,Morcillo
10,130,1,Navaconcejo
10,131,8,Navalmoral de la Mata
10,132,3,Navalvillar de Ibor
10,133,9,Navas del Madroño
10,134,4,Navezuelas
10,135,7,Nuñomoral
10,136,0,Oliva de Plasencia
10,137,6,Palomero
10,138,2,Pasaron de la Vera
10,139,5,Pedroso de Acim
10,140,9,Peraleda de la Mata
10,141,6,Peraleda de San Roman
10,142,1,Perales del Puerto
10,143,7,Pescueza
10,144,2,"Pesga, La"
10,145,5,Piedras Albas
10,146,8,Pinofranqueado
10,147,4,Piornal
10,148,0,Plasencia
10,149,3,Plasenzuela
10,150,6,Portaje
10,151,3,Portezuelo
10,152,8,Pozuelo de Zarzon
10,153,4,Puerto de Santa Cruz
10,154,9,Rebollar
10,155,2,Riolobos
10,156,5,Robledillo de Gata
10,157,1,Robledillo de la Vera
10,158,7,Robledillo de Trujillo
10,159,0,Robledollano
10,160,4,Romangordo
10,901,6,Rosalejo
10,161,1,Ruanes
10,162,6,Salorino
10,163,2,Salvatierra de Santiago
10,164,7,San Martin de Trevejo
10,165,0,Santa Ana
10,166,3,Santa Cruz de la Sierra
10,167,9,Santa Cruz de Paniagua
10,168,5,Santa Marta de Magasca
10,169,8,Santiago de Alcantara
10,170,2,Santiago del Campo
10,171,9,Santibañez el Alto
10,172,4,Santibañez el Bajo
10,173,0,Saucedilla
10,174,5,Segura de Toro
10,175,8,Serradilla
10,176,1,Serrejon
10,177,7,Sierra de Fuentes
10,178,3,Talavan
10,179,6,Talaveruela de la Vera
10,180,0,Talayuela
10,181,7,Tejeda de Tietar
10,182,2,Toril
10,183,8,Tornavacas
10,184,3,"Torno, El"
10,187,5,Torre de Don Miguel
10,188,1,Torre de Santa Maria
10,185,6,Torrecilla de los Angeles
10,186,9,Torrecillas de la Tiesa
10,190,8,Torrejon el Rubio
10,189,4,Torrejoncillo
10,191,5,Torremenga
10,192,0,Torremocha
10,193,6,Torreorgaz
10,194,1,Torrequemada
10,195,4,Trujillo
10,196,7,Valdastillas
10,197,3,Valdecañas de Tajo
10,198,9,Valdefuentes
10,199,2,Valdehuncar
10,200,6,Valdelacasa de Tajo
10,201,3,Valdemorales
10,202,8,Valdeobispo
10,203,4,Valencia de Alcantara
10,204,9,Valverde de la Vera
10,205,2,Valverde del Fresno
10,902,1,Vegaviana
10,206,5,Viandar de la Vera
10,207,1,Villa del Campo
10,208,7,Villa del Rey
10,209,0,Villamesias
10,210,4,Villamiel
10,211,1,Villanueva de la Sierra
10,212,6,Villanueva de la Vera
10,214,7,Villar de Plasencia
10,213,2,Villar del Pedroso
10,215,0,Villasbuenas de Gata
10,216,3,Zarza de Granadilla
10,217,9,Zarza de Montanchez
10,218,5,Zarza la Mayor
10,219,8,Zorita
11,1,2,Alcala de los Gazules
11,2,7,Alcala del Valle
11,3,3,Algar
11,4,8,Algeciras
11,5,1,Algodonales
11,6,4,Arcos de la Frontera
11,7,0,Barbate
11,8,6,"Barrios, Los"
11,901,3,Benalup-Casas Viejas
11,9,9,Benaocaz
11,10,3,Bornos
11,11,0,"Bosque, El"
11,12,5,Cadiz
11,13,1,Castellar de la Frontera
11,15,9,Chiclana de la Frontera
11,16,2,Chipiona
11,14,6,Conil de la Frontera
11,17,8,Espera
11,18,4,"Gastor, El"
11,19,7,Grazalema
11,20,1,Jerez de la Frontera
11,21,8,Jimena de la Frontera
11,22,3,"Linea de la Concepcion, La"
11,23,9,Medina-Sidonia
11,24,4,Olvera
11,25,7,Paterna de Rivera
11,26,0,Prado del Rey
11,27,6,"Puerto de Santa Maria, El"
11,28,2,Puerto Real
11,29,5,Puerto Serrano
11,30,9,Rota
11,31,6,San Fernando
11,902,8,San Jose del Valle
11,33,7,San Roque
11,32,1,Sanlucar de Barrameda
11,34,2,Setenil de las Bodegas
11,35,5,Tarifa
11,36,8,Torre Alhaquime
11,37,4,Trebujena
11,38,0,Ubrique
11,39,3,Vejer de la Frontera
11,40,7,Villaluenga del Rosario
11,41,4,Villamartin
11,42,9,Zahara
12,2,2,Ain
12,3,8,Albocàsser
12,4,3,Alcalà de Xivert
12,5,6,"Alcora, l'"
12,6,9,Alcudia de Veo
12,7,5,Alfondeguilla
12,8,1,Algimia de Almonacid
12,9,4,Almazora/Almassora
12,10,8,Almedijar
12,11,5,Almenara
12,901,8,Alquerias del Niño Perdido
12,12,0,Altura
12,13,6,Arañuel
12,14,1,Ares del Maestrat
12,15,4,Argelita
12,16,7,Artana
12,1,7,Atzeneta del Maestrat
12,17,3,Ayodar
12,18,9,Azuebar
12,20,6,Barracas
12,22,8,Bejis
12,24,9,Benafer
12,25,2,Benafigos
12,26,5,Benasal
12,27,1,Benicarlo
12,28,7,Benicasim/Benicàssim
12,29,0,Benlloch
12,21,3,Betxi
12,32,6,Borriana/Burriana
12,31,1,Borriol
12,33,2,Cabanes
12,34,7,Càlig
12,36,3,Canet lo Roig
12,37,9,Castell de Cabres
12,38,5,Castellfort
12,39,8,Castellnovo
12,40,2,Castellon de la Plana/Castello de la Plana
12,41,9,Castillo de Villamalefa
12,42,4,Cati
12,43,0,Caudiel
12,44,5,Cervera del Maestre
12,52,1,Chert/Xert
12,53,7,Chilches/Xilxes
12,55,5,Chodos/Xodos
12,56,8,Chovar
12,45,8,Cinctorres
12,46,1,Cirat
12,48,3,Cortes de Arenoso
12,49,6,Costur
12,50,9,"Coves de Vinromà, les"
12,51,6,Culla
12,57,4,Eslida
12,58,0,Espadilla
12,59,3,Fanzara
12,60,7,Figueroles
12,61,4,Forcall
12,63,5,Fuente la Reina
12,64,0,Fuentes de Ayodar
12,65,3,Gaibiel
12,67,2,Geldo
12,68,8,Herbes
12,69,1,Higueras
12,70,5,"Jana, la"
12,71,2,Jerica
12,74,8,"Llosa, la"
12,72,7,Lucena del Cid
12,73,3,Ludiente
12,75,1,"Mata de Morella, la"
12,76,4,Matet
12,77,0,Moncofa
12,78,6,Montan
12,79,9,Montanejos
12,80,3,Morella
12,81,0,Navajas
12,82,5,Nules
12,83,1,Olocau del Rey
12,84,6,Onda
12,85,9,Oropesa del Mar/Orpesa
12,87,8,Palanques
12,88,4,Pavias
12,89,7,Peniscola/Peñiscola
12,90,1,Pina de Montalgrao
12,93,9,"Pobla de Benifassà, la"
12,94,4,"Pobla Tornesa, la"
12,91,8,Portell de Morella
12,92,3,Puebla de Arenoso
12,95,7,Ribesalbes
12,96,0,Rossell
12,97,6,Sacañet
12,98,2,"Salzadella, la"
12,101,6,San Rafael del Rio
12,902,3,Sant Joan de Moro
12,99,5,Sant Jordi/San Jorge
12,100,9,Sant Mateu
12,102,1,Santa Magdalena de Pulpis
12,103,7,Sarratella
12,104,2,Segorbe
12,105,5,Sierra Engarceran
12,106,8,Soneja
12,107,4,Sot de Ferrer
12,108,0,Sueras/Suera
12,109,3,Tales
12,110,7,Teresa
12,111,4,Tirig
12,112,9,Todolella
12,113,5,Toga
12,114,0,Toras
12,115,3,"Toro, El"
12,116,6,Torralba del Pinar
12,119,1,"Torre d'En Besora, la"
12,120,5,"Torre d'en Domenec, la"
12,117,2,Torreblanca
12,118,8,Torrechiva
12,121,2,Traiguera
12,122,7,"Useras/Useres, les"
12,124,8,Vall d'Alba
12,125,1,Vall de Almonacid
12,126,4,"Vall d'Uixo, la"
12,123,3,Vallat
12,127,0,Vallibona
12,128,6,Vilafames
12,132,5,Vilanova d'Alcolea
12,134,6,Vilar de Canes
12,135,9,Vila-real
12,136,2,"Vilavella, la"
12,129,9,Villafranca del Cid/Vilafranca
12,130,3,Villahermosa del Rio
12,131,0,Villamalur
12,133,1,Villanueva de Viver
12,137,8,Villores
12,138,4,Vinaròs
12,139,7,Vistabella del Maestrazgo
12,140,1,Viver
12,141,8,Zorita del Maestrazgo
12,142,3,Zucaina
13,1,3,Abenojar
13,2,8,Agudo
13,3,4,Alamillo
13,4,9,Albaladejo
13,5,2,Alcazar de San Juan
13,6,5,Alcoba
13,7,1,Alcolea de Calatrava
13,8,7,Alcubillas
13,9,0,Aldea del Rey
13,10,4,Alhambra
13,11,1,Almaden
13,12,6,Almadenejos
13,13,2,Almagro
13,14,7,Almedina
13,15,0,Almodovar del Campo
13,16,3,Almuradiel
13,17,9,Anchuras
13,903,5,Arenales de San Gregorio
13,18,5,Arenas de San Juan
13,19,8,Argamasilla de Alba
13,20,2,Argamasilla de Calatrava
13,21,9,Arroba de los Montes
13,22,4,Ballesteros de Calatrava
13,23,0,Bolaños de Calatrava
13,24,5,Brazatortas
13,25,8,Cabezarados
13,26,1,Cabezarrubias del Puerto
13,27,7,Calzada de Calatrava
13,28,3,Campo de Criptana
13,29,6,Cañada de Calatrava
13,30,0,Caracuel de Calatrava
13,31,7,Carrion de Calatrava
13,32,2,Carrizosa
13,33,8,Castellar de Santiago
13,38,1,Chillon
13,34,3,Ciudad Real
13,35,6,Corral de Calatrava
13,36,9,"Cortijos, Los"
13,37,5,Cozar
13,39,4,Daimiel
13,40,8,Fernan Caballero
13,41,5,Fontanarejo
13,42,0,Fuencaliente
13,43,6,Fuenllana
13,44,1,Fuente el Fresno
13,45,4,Granatula de Calatrava
13,46,7,Guadalmez
13,47,3,Herencia
13,48,9,Hinojosas de Calatrava
13,49,2,Horcajo de los Montes
13,50,5,"Labores, Las"
13,904,0,Llanos del Caudillo
13,51,2,Luciana
13,52,7,Malagon
13,53,3,Manzanares
13,54,8,Membrilla
13,55,1,Mestanza
13,56,4,Miguelturra
13,57,0,Montiel
13,58,6,Moral de Calatrava
13,59,9,Navalpino
13,60,3,Navas de Estena
13,61,0,Pedro Muñoz
13,62,5,Picon
13,63,1,Piedrabuena
13,64,6,Poblete
13,65,9,Porzuna
13,66,2,Pozuelo de Calatrava
13,67,8,"Pozuelos de Calatrava, Los"
13,68,4,Puebla de Don Rodrigo
13,69,7,Puebla del Principe
13,70,1,Puerto Lapice
13,71,8,Puertollano
13,72,3,Retuerta del Bullaque
13,901,4,"Robledo, El"
13,902,9,Ruidera
13,73,9,Saceruela
13,74,4,San Carlos del Valle
13,75,7,San Lorenzo de Calatrava
13,76,0,Santa Cruz de los Cañamos
13,77,6,Santa Cruz de Mudela
13,78,2,Socuellamos
13,79,5,"Solana, La"
13,80,9,Solana del Pino
13,81,6,Terrinches
13,82,1,Tomelloso
13,83,7,Torralba de Calatrava
13,84,2,Torre de Juan Abad
13,85,5,Torrenueva
13,86,8,Valdemanco del Esteras
13,87,4,Valdepeñas
13,88,0,Valenzuela de Calatrava
13,89,3,Villahermosa
13,90,7,Villamanrique
13,91,4,Villamayor de Calatrava
13,92,9,Villanueva de la Fuente
13,93,5,Villanueva de los Infantes
13,94,0,Villanueva de San Carlos
13,95,3,Villar del Pozo
13,96,6,Villarrubia de los Ojos
13,97,2,Villarta de San Juan
13,98,8,Viso del Marques
14,1,8,Adamuz
14,2,3,Aguilar de la Frontera
14,3,9,Alcaracejos
14,4,4,Almedinilla
14,5,7,Almodovar del Rio
14,6,0,Añora
14,7,6,Baena
14,8,2,Belalcazar
14,9,5,Belmez
14,10,9,Benameji
14,11,6,"Blazquez, Los"
14,12,1,Bujalance
14,13,7,Cabra
14,14,2,Cañete de las Torres
14,15,5,Carcabuey
14,16,8,Cardeña
14,17,4,"Carlota, La"
14,18,0,"Carpio, El"
14,19,3,Castro del Rio
14,20,7,Conquista
14,21,4,Cordoba
14,22,9,Doña Mencia
14,23,5,Dos Torres
14,24,0,Encinas Reales
14,25,3,Espejo
14,26,6,Espiel
14,27,2,Fernan-Nuñez
14,28,8,Fuente la Lancha
14,29,1,Fuente Obejuna
14,30,5,Fuente Palmera
14,31,2,Fuente-Tojar
14,32,7,"Granjuela, La"
14,33,3,Guadalcazar
14,34,8,"Guijo, El"
14,35,1,Hinojosa del Duque
14,36,4,Hornachuelos
14,37,0,Iznajar
14,38,6,Lucena
14,39,9,Luque
14,40,3,Montalban de Cordoba
14,41,0,Montemayor
14,42,5,Montilla
14,43,1,Montoro
14,44,6,Monturque
14,45,9,Moriles
14,46,2,Nueva Carteya
14,47,8,Obejo
14,48,4,Palenciana
14,49,7,Palma del Rio
14,50,0,Pedro Abad
14,51,7,Pedroche
14,52,2,Peñarroya-Pueblonuevo
14,53,8,Posadas
14,54,3,Pozoblanco
14,55,6,Priego de Cordoba
14,56,9,Puente Genil
14,57,5,"Rambla, La"
14,58,1,Rute
14,59,4,San Sebastian de los Ballesteros
14,61,5,Santa Eufemia
14,60,8,Santaella
14,62,0,Torrecampo
14,63,6,Valenzuela
14,64,1,Valsequillo
14,65,4,"Victoria, La"
14,66,7,Villa del Rio
14,67,3,Villafranca de Cordoba
14,68,9,Villaharta
14,69,2,Villanueva de Cordoba
14,70,6,Villanueva del Duque
14,71,3,Villanueva del Rey
14,72,8,Villaralto
14,73,4,Villaviciosa de Cordoba
14,74,9,"Viso, El"
14,75,2,Zuheros
15,1,1,Abegondo
15,2,6,Ames
15,3,2,Aranga
15,4,7,Ares
15,5,0,Arteixo
15,6,3,Arzua
15,7,9,"Baña, A"
15,8,5,Bergondo
15,9,8,Betanzos
15,10,2,Boimorto
15,11,9,Boiro
15,12,4,Boqueixon
15,13,0,Brion
15,14,5,Cabana de Bergantiños
15,15,8,Cabanas
15,16,1,Camariñas
15,17,7,Cambre
15,18,3,"Capela, A"
15,19,6,Carballo
15,901,2,Cariño
15,20,0,Carnota
15,21,7,Carral
15,22,2,Cedeira
15,23,8,Cee
15,24,3,Cerceda
15,25,6,Cerdido
15,26,9,Cesuras
15,27,5,Coiros
15,28,1,Corcubion
15,29,4,Coristanco
15,30,8,"Coruña, A"
15,31,5,Culleredo
15,32,0,Curtis
15,33,6,Dodro
15,34,1,Dumbria
15,35,4,Fene
15,36,7,Ferrol
15,37,3,Fisterra
15,38,9,Frades
15,39,2,Irixoa
15,41,3,"Laracha, A"
15,40,6,Laxe
15,42,8,Lousame
15,43,4,Malpica de Bergantiños
15,44,9,Mañon
15,45,2,Mazaricos
15,46,5,Melide
15,47,1,Mesia
15,48,7,Miño
15,49,0,Moeche
15,50,3,Monfero
15,51,0,Mugardos
15,53,1,Muros
15,52,5,Muxia
15,54,6,Naron
15,55,9,Neda
15,56,2,Negreira
15,57,8,Noia
15,58,4,Oleiros
15,59,7,Ordes
15,60,1,Oroso
15,61,8,Ortigueira
15,62,3,Outes
15,63,9,Oza dos Rios
15,64,4,Paderne
15,65,7,Padron
15,66,0,"Pino, O"
15,67,6,"Pobra do Caramiñal, A"
15,68,2,Ponteceso
15,69,5,Pontedeume
15,70,9,"Pontes de Garcia Rodriguez, As"
15,71,6,Porto do Son
15,72,1,Rianxo
15,73,7,Ribeira
15,74,2,Rois
15,75,5,Sada
15,76,8,San Sadurniño
15,77,4,Santa Comba
15,78,0,Santiago de Compostela
15,79,3,Santiso
15,80,7,Sobrado
15,81,4,"Somozas, As"
15,82,9,Teo
15,83,5,Toques
15,84,0,Tordoia
15,85,3,Touro
15,86,6,Trazo
15,88,8,Val do Dubra
15,87,2,Valdoviño
15,89,1,Vedra
15,91,2,Vilarmaior
15,90,5,Vilasantar
15,92,7,Vimianzo
15,93,3,Zas
16,1,4,Abia de la Obispalia
16,2,9,"Acebron, El"
16,3,5,Alarcon
16,4,0,Albaladejo del Cuende
16,5,3,Albalate de las Nogueras
16,6,6,Albendea
16,7,2,"Alberca de Zancara, La"
16,8,8,Alcala de la Vega
16,9,1,Alcantud
16,10,5,Alcazar del Rey
16,11,2,Alcohujate
16,12,7,Alconchel de la Estrella
16,13,3,Algarra
16,14,8,Aliaguilla
16,15,1,"Almarcha, La"
16,16,4,Almendros
16,17,0,Almodovar del Pinar
16,18,6,Almonacid del Marquesado
16,19,9,Altarejos
16,20,3,Arandilla del Arroyo
16,905,4,Arcas del Villar
16,22,5,Arcos de la Sierra
16,24,6,Arguisuelas
16,25,9,Arrancacepas
16,26,2,Atalaya del Cañavate
16,27,8,Barajas de Melo
16,29,7,Barchin del Hoyo
16,30,1,Bascuñana de San Pedro
16,31,8,Beamud
16,32,3,Belinchon
16,33,9,Belmonte
16,34,4,Belmontejo
16,35,7,Beteta
16,36,0,Boniches
16,38,2,Buciegas
16,39,5,Buenache de Alarcon
16,40,9,Buenache de la Sierra
16,41,6,Buendia
16,42,1,Campillo de Altobuey
16,43,7,Campillos-Paravientos
16,44,2,Campillos-Sierra
16,901,5,Campos del Paraiso
16,45,5,Canalejas del Arroyo
16,46,8,Cañada del Hoyo
16,47,4,Cañada Juncosa
16,48,0,Cañamares
16,49,3,"Cañavate, El"
16,50,6,Cañaveras
16,51,3,Cañaveruelas
16,52,8,Cañete
16,53,4,Cañizares
16,55,2,Carboneras de Guadazaon
16,56,5,Cardenete
16,57,1,Carrascosa
16,58,7,Carrascosa de Haro
16,60,4,Casas de Benitez
16,61,1,Casas de Fernando Alonso
16,62,6,Casas de Garcimolina
16,63,2,Casas de Guijarro
16,64,7,Casas de Haro
16,65,0,Casas de los Pinos
16,66,3,Casasimarro
16,67,9,Castejon
16,68,5,Castillejo de Iniesta
16,70,2,Castillejo-Sierra
16,72,4,Castillo de Garcimuñoz
16,71,9,Castillo-Albarañez
16,73,0,Cervera del Llano
16,23,1,Chillaron de Cuenca
16,81,7,Chumillas
16,74,5,"Cierva, La"
16,78,3,Cuenca
16,79,6,Cueva del Hierro
16,82,2,Enguidanos
16,83,8,Fresneda de Altarejos
16,84,3,Fresneda de la Sierra
16,85,6,"Frontera, La"
16,86,9,Fuente de Pedro Naharro
16,87,5,Fuentelespino de Haro
16,88,1,Fuentelespino de Moya
16,904,1,Fuentenava de Jabaga
16,89,4,Fuentes
16,91,5,Fuertescusa
16,92,0,Gabaldon
16,93,6,Garaballa
16,94,1,Gascueña
16,95,4,Graja de Campalbo
16,96,7,Graja de Iniesta
16,97,3,Henarejos
16,98,9,"Herrumblar, El"
16,99,2,"Hinojosa, La"
16,100,6,"Hinojosos, Los"
16,101,3,"Hito, El"
16,102,8,Honrubia
16,103,4,Hontanaya
16,104,9,Hontecillas
16,106,5,Horcajo de Santiago
16,107,1,Huelamo
16,108,7,Huelves
16,109,0,Huerguina
16,110,4,Huerta de la Obispalia
16,111,1,Huerta del Marquesado
16,112,6,Huete
16,113,2,Iniesta
16,115,0,Laguna del Marquesado
16,116,3,Lagunaseca
16,117,9,Landete
16,118,5,Ledaña
16,119,8,Leganiel
16,121,9,"Majadas, Las"
16,122,4,Mariana
16,123,0,Masegosa
16,124,5,"Mesas, Las"
16,125,8,Minglanilla
16,126,1,Mira
16,128,3,Monreal del Llano
16,129,6,Montalbanejo
16,130,0,Montalbo
16,131,7,Monteagudo de las Salinas
16,132,2,Mota de Altarejos
16,133,8,Mota del Cuervo
16,134,3,Motilla del Palancar
16,135,6,Moya
16,137,5,Narboneta
16,139,4,Olivares de Jucar
16,140,8,Olmeda de la Cuesta
16,141,5,Olmeda del Rey
16,142,0,Olmedilla de Alarcon
16,143,6,Olmedilla de Eliz
16,145,4,Osa de la Vega
16,146,7,Pajaron
16,147,3,Pajaroncillo
16,148,9,Palomares del Campo
16,149,2,Palomera
16,150,5,Paracuellos
16,151,2,Paredes
16,152,7,"Parra de las Vegas, La"
16,153,3,"Pedernoso, El"
16,154,8,"Pedroñeras, Las"
16,155,1,"Peral, El"
16,156,4,"Peraleja, La"
16,157,0,"Pesquera, La"
16,158,6,"Picazo, El"
16,159,9,Pinarejo
16,160,3,Pineda de Gigüela
16,161,0,Piqueras del Castillo
16,162,5,Portalrubio de Guadamejud
16,163,1,Portilla
16,165,9,Poyatos
16,166,2,Pozoamargo
16,908,9,Pozorrubielos de la Mancha
16,167,8,Pozorrubio
16,169,7,"Pozuelo, El"
16,170,1,Priego
16,171,8,"Provencio, El"
16,172,3,Puebla de Almenara
16,174,4,Puebla del Salvador
16,175,7,Quintanar del Rey
16,176,0,Rada de Haro
16,177,6,Reillo
16,181,6,Rozalen del Monte
16,185,5,Saceda-Trasierra
16,186,8,Saelices
16,187,4,Salinas del Manzano
16,188,0,Salmeroncillos
16,189,3,Salvacañete
16,190,7,San Clemente
16,191,4,San Lorenzo de la Parrilla
16,192,9,San Martin de Boniches
16,193,5,San Pedro Palmiches
16,194,0,Santa Cruz de Moya
16,196,6,Santa Maria de los Llanos
16,195,3,Santa Maria del Campo Rus
16,197,2,Santa Maria del Val
16,198,8,Sisante
16,199,1,Solera de Gabaldon
16,909,2,Sotorribas
16,202,7,Talayuelas
16,203,3,Tarancon
16,204,8,Tebar
16,205,1,Tejadillos
16,206,4,Tinajas
16,209,9,Torralba
16,211,0,Torrejoncillo del Rey
16,212,5,Torrubia del Campo
16,213,1,Torrubia del Castillo
16,215,9,Tragacete
16,216,2,Tresjuncos
16,217,8,Tribaldos
16,218,4,Ucles
16,219,7,Uña
16,906,7,"Valdecolmenas, Los"
16,224,4,Valdemeca
16,225,7,Valdemorillo de la Sierra
16,227,6,Valdemoro-Sierra
16,228,2,Valdeolivas
16,902,0,Valdetortola
16,903,6,"Valeras, Las"
16,231,6,Valhermoso de la Fuente
16,173,9,"Valle de Altomira, El"
16,234,2,Valsalobre
16,236,8,Valverde de Jucar
16,237,4,Valverdejo
16,238,0,Vara de Rey
16,239,3,Vega del Codorno
16,240,7,Vellisca
16,242,9,Villaconejos de Trabaque
16,243,5,Villaescusa de Haro
16,244,0,Villagarcia del Llano
16,245,3,Villalba de la Sierra
16,246,6,Villalba del Rey
16,247,2,Villalgordo del Marquesado
16,248,8,Villalpardo
16,249,1,Villamayor de Santiago
16,250,4,Villanueva de Guadamejud
16,251,1,Villanueva de la Jara
16,253,2,Villar de Cañas
16,254,7,Villar de Domingo Garcia
16,255,0,Villar de la Encina
16,263,0,Villar de Olalla
16,258,5,Villar del Humo
16,259,8,Villar del Infantado
16,910,6,Villar y Velasco
16,264,5,Villarejo de Fuentes
16,265,8,Villarejo de la Peñuela
16,266,1,Villarejo-Periesteban
16,269,6,Villares del Saz
16,270,0,Villarrubio
16,271,7,Villarta
16,272,2,Villas de la Ventosa
16,273,8,Villaverde y Pasaconsol
16,274,3,Villora
16,275,6,Vindel
16,276,9,Yemeda
16,277,5,Zafra de Zancara
16,278,1,Zafrilla
16,279,4,Zarza de Tajo
16,280,8,Zarzuela
17,1,0,Agullana
17,2,5,Aiguaviva
17,3,1,Albanyà
17,4,6,Albons
17,6,2,Alp
17,7,8,Amer
17,8,4,Anglès
17,9,7,Arbucies
17,10,1,Argelaguer
17,11,8,"Armentera, L'"
17,12,3,Avinyonet de Puigventos
17,15,7,Banyoles
17,16,0,Bàscara
17,13,9,Begur
17,18,2,Bellcaire d'Empordà
17,19,5,Besalu
17,20,9,Bescano
17,21,6,Beuda
17,22,1,"Bisbal d'Empordà, La"
17,234,8,Biure
17,23,7,Blanes
17,29,3,Boadella i les Escaules
17,24,2,Bolvir
17,25,5,Bordils
17,26,8,Borrassà
17,27,4,Breda
17,28,0,Brunyola
17,31,4,Cabanelles
17,30,7,Cabanes
17,32,9,Cadaques
17,33,5,Caldes de Malavella
17,34,0,Calonge
17,35,3,Camos
17,36,6,Campdevànol
17,37,2,Campelles
17,38,8,Campllong
17,39,1,Camprodon
17,40,5,Canet d'Adri
17,41,2,Cantallops
17,42,7,Capmany
17,44,8,Cassà de la Selva
17,46,4,Castellfollit de la Roca
17,47,0,Castello d'Empuries
17,48,6,Castell-Platja d'Aro
17,189,9,"Cellera de Ter, La"
17,49,9,Celrà
17,50,2,Cervià de Ter
17,51,9,Cistella
17,54,5,Colera
17,55,8,Colomers
17,57,7,Corçà
17,56,1,Cornellà del Terri
17,58,3,Crespià
17,901,1,"Cruïlles, Monells i Sant Sadurni de l'Heura"
17,60,0,Darnius
17,61,7,Das
17,62,2,"Escala, L'"
17,63,8,Espinelves
17,64,3,Espolla
17,65,6,Esponellà
17,5,9,"Far d'Empordà, El"
17,66,9,Figueres
17,67,5,Flaçà
17,68,1,Foixà
17,69,4,Fontanals de Cerdanya
17,70,8,Fontanilles
17,71,5,Fontcoberta
17,902,6,Forallac
17,73,6,Fornells de la Selva
17,74,1,Fortià
17,75,4,Garrigàs
17,76,7,Garrigoles
17,77,3,Garriguella
17,78,9,Ger
17,79,2,Girona
17,80,6,Gombrèn
17,81,3,Gualta
17,82,8,Guils de Cerdanya
17,83,4,Hostalric
17,84,9,Isòvol
17,85,2,Jafre
17,86,5,"Jonquera, La"
17,87,1,Juià
17,88,7,Llado
17,89,0,Llagostera
17,90,4,Llambilles
17,91,1,Llanars
17,92,6,Llançà
17,93,2,Llers
17,94,7,Llivia
17,95,0,Lloret de Mar
17,96,3,"Llosses, Les"
17,102,4,Maçanet de Cabrenys
17,103,0,Maçanet de la Selva
17,97,9,Madremanya
17,98,5,Maià de Montcal
17,100,2,Masarac
17,101,9,Massanes
17,99,8,Meranges
17,105,8,Mieres
17,106,1,Mollet de Peralada
17,107,7,Mollo
17,109,6,Montagut i Oix
17,110,0,Mont-ras
17,111,7,Navata
17,112,2,Ogassa
17,114,3,Olot
17,115,6,Ordis
17,116,9,Osor
17,117,5,Palafrugell
17,118,1,Palamos
17,119,4,Palau de Santa Eulàlia
17,121,5,Palau-sator
17,120,8,Palau-saverdera
17,123,6,Palol de Revardit
17,124,1,Pals
17,125,4,Pardines
17,126,7,Parlavà
17,128,9,Pau
17,129,2,Pedret i Marzà
17,130,6,"Pera, La"
17,132,8,Peralada
17,133,4,"Planes d'Hostoles, Les"
17,134,9,Planoles
17,135,2,Pont de Molins
17,136,5,Pontos
17,137,1,Porqueres
17,140,4,"Port de la Selva, El"
17,138,7,Portbou
17,139,0,"Preses, Les"
17,141,1,Puigcerdà
17,142,6,Quart
17,43,3,Queralbs
17,143,2,Rabos
17,144,7,Regencos
17,145,0,Ribes de Freser
17,146,3,Riells i Viabrea
17,147,9,Ripoll
17,148,5,Riudarenes
17,149,8,Riudaura
17,150,1,Riudellots de la Selva
17,151,8,Riumors
17,152,3,Roses
17,153,9,Rupià
17,154,4,Sales de Llierca
17,155,7,Salt
17,157,6,Sant Andreu Salou
17,183,3,Sant Aniol de Finestres
17,158,2,Sant Climent Sescebes
17,159,5,Sant Feliu de Buixalleu
17,160,9,Sant Feliu de Guixols
17,161,6,Sant Feliu de Pallerols
17,162,1,Sant Ferriol
17,163,7,Sant Gregori
17,164,2,Sant Hilari Sacalm
17,165,5,Sant Jaume de Llierca
17,167,4,Sant Joan de les Abadesses
17,168,0,Sant Joan de Mollet
17,185,1,Sant Joan les Fonts
17,166,8,Sant Jordi Desvalls
17,169,3,Sant Julià de Ramis
17,903,2,Sant Julià del Llor i Bonmati
17,171,4,Sant Llorenç de la Muga
17,172,9,Sant Marti de Llemena
17,173,5,Sant Marti Vell
17,174,0,Sant Miquel de Campmajor
17,175,3,Sant Miquel de Fluvià
17,176,6,Sant Mori
17,177,2,Sant Pau de Seguries
17,178,8,Sant Pere Pescador
17,180,5,Santa Coloma de Farners
17,181,2,Santa Cristina d'Aro
17,182,7,Santa Llogaia d'Àlguema
17,184,8,Santa Pau
17,186,4,Sarrià de Ter
17,187,0,"Saus, Camallera i Llampaies"
17,188,6,"Selva de Mar, La"
17,190,3,Serinyà
17,191,0,Serra de Daro
17,192,5,Setcases
17,193,1,Sils
17,52,4,Siurana
17,194,6,Susqueda
17,195,9,"Tallada d'Empordà, La"
17,196,2,Terrades
17,197,8,Torrent
17,198,4,Torroella de Fluvià
17,199,7,Torroella de Montgri
17,200,1,Tortellà
17,201,8,Toses
17,202,3,Tossa de Mar
17,204,4,Ullà
17,205,7,Ullastret
17,203,9,Ultramort
17,206,0,Urus
17,14,4,"Vajol, La"
17,208,2,"Vall de Bianya, La"
17,207,6,"Vall d'en Bas, La"
17,170,7,Vallfogona de Ripollès
17,209,5,Vall-llobrega
17,210,9,Ventallo
17,211,6,Verges
17,212,1,Vidrà
17,213,7,Vidreres
17,214,2,Vilabertran
17,215,5,Vilablareix
17,217,4,Viladamat
17,216,8,Viladasens
17,218,0,Vilademuls
17,220,7,Viladrau
17,221,4,Vilafant
17,223,5,Vilajuïga
17,224,0,Vilallonga de Ter
17,225,3,Vilamacolum
17,226,6,Vilamalla
17,227,2,Vilamaniscle
17,228,8,Vilanant
17,230,5,Vila-sacra
17,222,9,Vilaür
17,233,3,Vilobi d'Onyar
17,232,7,Vilopriu
18,1,6,Agron
18,2,1,Alamedilla
18,3,7,Albolote
18,4,2,Albondon
18,5,5,Albuñan
18,6,8,Albuñol
18,7,4,Albuñuelas
18,10,7,Aldeire
18,11,4,Alfacar
18,12,9,Algarinejo
18,13,5,Alhama de Granada
18,14,0,Alhendin
18,15,3,Alicun de Ortega
18,16,6,Almegijar
18,17,2,Almuñecar
18,904,3,Alpujarra de la Sierra
18,18,8,Alquife
18,20,5,Arenas del Rey
18,21,2,Armilla
18,22,7,Atarfe
18,23,3,Baza
18,24,8,Beas de Granada
18,25,1,Beas de Guadix
18,27,0,Benalua
18,28,6,Benalua de las Villas
18,29,9,Benamaurel
18,30,3,Berchules
18,32,5,Bubion
18,33,1,Busquistar
18,34,6,Cacin
18,35,9,Cadiar
18,36,2,Cajar
18,114,9,"Calahorra, La"
18,37,8,Calicasas
18,38,4,Campotejar
18,39,7,Caniles
18,40,1,Cañar
18,42,3,Capileira
18,43,9,Carataunas
18,44,4,Castaras
18,45,7,Castillejar
18,46,0,Castril
18,47,6,Cenes de la Vega
18,59,2,Chauchina
18,61,3,Chimeneas
18,62,8,Churriana de la Vega
18,48,2,Cijuela
18,49,5,Cogollos de Guadix
18,50,8,Cogollos de la Vega
18,51,5,Colomera
18,53,6,Cortes de Baza
18,54,1,Cortes y Graena
18,912,0,Cuevas del Campo
18,56,7,Cullar
18,57,3,Cullar Vega
18,63,4,Darro
18,64,9,Dehesas de Guadix
18,66,5,Deifontes
18,67,1,Diezma
18,68,7,Dilar
18,69,0,Dolar
18,70,4,Dudar
18,71,1,Durcal
18,72,6,Escuzar
18,74,7,Ferreira
18,76,3,Fonelas
18,78,5,Freila
18,79,8,Fuente Vaqueros
18,905,6,"Gabias, Las"
18,82,4,Galera
18,83,0,Gobernador
18,84,5,Gojar
18,85,8,Gor
18,86,1,Gorafe
18,87,7,Granada
18,88,3,Guadahortuna
18,89,6,Guadix
18,906,9,"Guajares, Los"
18,93,8,Gualchos
18,94,3,Güejar Sierra
18,95,6,Güevejar
18,96,9,Huelago
18,97,5,Hueneja
18,98,1,Huescar
18,99,4,Huetor de Santillan
18,100,8,Huetor Tajar
18,101,5,Huetor Vega
18,102,0,Illora
18,103,6,Itrabo
18,105,4,Iznalloz
18,107,3,Jayena
18,108,9,Jerez del Marquesado
18,109,2,Jete
18,111,3,Jun
18,112,8,Juviles
18,115,2,Lachar
18,116,5,Lanjaron
18,117,1,Lanteira
18,119,0,Lecrin
18,120,4,Lentegi
18,121,1,Lobras
18,122,6,Loja
18,123,2,Lugros
18,124,7,Lujar
18,126,3,"Malaha, La"
18,127,9,Maracena
18,128,5,Marchal
18,132,4,Moclin
18,133,0,Molvizar
18,134,5,Monachil
18,135,8,Montefrio
18,136,1,Montejicar
18,137,7,Montillana
18,138,3,Moraleda de Zafayona
18,909,4,Morelabor
18,140,0,Motril
18,141,7,Murtas
18,903,8,Nevada
18,143,8,Nigüelas
18,144,3,Nivar
18,145,6,Ogijares
18,146,9,Orce
18,147,5,Orgiva
18,148,1,Otivar
18,149,4,Otura
18,150,7,Padul
18,151,4,Pampaneira
18,152,9,Pedro Martinez
18,153,5,Peligros
18,154,0,"Peza, La"
18,910,8,"Pinar, El"
18,157,2,Pinos Genil
18,158,8,Pinos Puente
18,159,1,Piñar
18,161,2,Policar
18,162,7,Polopos
18,163,3,Portugos
18,164,8,Puebla de Don Fadrique
18,165,1,Pulianas
18,167,0,Purullena
18,168,6,Quentar
18,170,3,Rubite
18,171,0,Salar
18,173,1,Salobreña
18,174,6,Santa Cruz del Comercio
18,175,9,Santa Fe
18,176,2,Soportujar
18,177,8,Sorvilan
18,901,7,"Taha, La"
18,178,4,Torre-Cardela
18,179,7,Torvizcon
18,180,1,Trevelez
18,181,8,Turon
18,182,3,Ugijar
18,902,2,"Valle, El"
18,907,5,Valle del Zalabi
18,183,9,Valor
18,911,5,Vegas del Genil
18,184,4,Velez de Benaudalla
18,185,7,Ventas de Huelma
18,908,1,Villamena
18,187,6,Villanueva de las Torres
18,188,2,Villanueva Mesia
18,189,5,Viznar
18,192,1,Zafarraya
18,913,6,Zagra
18,193,7,"Zubia, La"
18,194,2,Zujar
19,1,9,Abanades
19,2,4,Ablanque
19,3,0,Adobes
19,4,5,Alaminos
19,5,8,Alarilla
19,6,1,Albalate de Zorita
19,7,7,Albares
19,8,3,Albendiego
19,9,6,Alcocer
19,10,0,Alcolea de las Peñas
19,11,7,Alcolea del Pinar
19,13,8,Alcoroches
19,15,6,Aldeanueva de Guadalajara
19,16,9,Algar de Mesa
19,17,5,Algora
19,18,1,Alhondiga
19,19,4,Alique
19,20,8,Almadrones
19,21,5,Almoguera
19,22,0,Almonacid de Zorita
19,23,6,Alocen
19,24,1,Alovera
19,27,3,Alustante
19,31,3,Angon
19,32,8,Anguita
19,33,4,Anquela del Ducado
19,34,9,Anquela del Pedregal
19,36,5,Aranzueque
19,37,1,Arbancon
19,38,7,Arbeteta
19,39,0,Argecilla
19,40,4,Armallones
19,41,1,Armuña de Tajuña
19,42,6,Arroyo de las Fraguas
19,43,2,Atanzon
19,44,7,Atienza
19,45,0,Auñon
19,46,3,Azuqueca de Henares
19,47,9,Baides
19,48,5,Baños de Tajo
19,49,8,Bañuelos
19,50,1,Barriopedro
19,51,8,Berninches
19,52,3,"Bodera, La"
19,53,9,Brihuega
19,54,4,Budia
19,55,7,Bujalaro
19,57,6,Bustares
19,58,2,Cabanillas del Campo
19,59,5,Campillo de Dueñas
19,60,9,Campillo de Ranas
19,61,6,Campisabalos
19,64,2,Canredondo
19,65,5,Cantalojas
19,66,8,Cañizar
19,67,4,"Cardoso de la Sierra, El"
19,70,7,Casa de Uceda
19,71,4,"Casar, El"
19,73,5,Casas de San Galindo
19,74,0,Caspueñas
19,75,3,Castejon de Henares
19,76,6,Castellar de la Muela
19,78,8,Castilforte
19,79,1,Castilnuevo
19,80,5,Cendejas de Enmedio
19,81,2,Cendejas de la Torre
19,82,7,Centenera
19,103,9,Checa
19,104,4,Chequilla
19,106,0,Chillaron del Rey
19,105,7,Chiloeches
19,86,4,Cifuentes
19,87,0,Cincovillas
19,88,6,Ciruelas
19,89,9,Ciruelos del Pinar
19,90,3,Cobeta
19,91,0,Cogollor
19,92,5,Cogolludo
19,95,9,Condemios de Abajo
19,96,2,Condemios de Arriba
19,97,8,Congostrina
19,98,4,Copernal
19,99,7,Corduente
19,102,3,"Cubillo de Uceda, El"
19,107,6,Driebes
19,108,2,Duron
19,109,5,Embid
19,110,9,Escamilla
19,111,6,Escariche
19,112,1,Escopete
19,113,7,Espinosa de Henares
19,114,2,Esplegares
19,115,5,Estables
19,116,8,Estriegana
19,117,4,Fontanar
19,118,0,Fuembellida
19,119,3,Fuencemillan
19,120,7,Fuentelahiguera de Albatages
19,121,4,Fuentelencina
19,122,9,Fuentelsaz
19,123,5,Fuentelviejo
19,124,0,Fuentenovilla
19,125,3,Gajanejos
19,126,6,Galapagos
19,127,2,Galve de Sorbe
19,129,1,Gascueña de Bornova
19,130,5,Guadalajara
19,132,7,Henche
19,133,3,Heras de Ayuso
19,134,8,Herreria
19,135,1,Hiendelaencina
19,136,4,Hijes
19,138,6,Hita
19,139,9,Hombrados
19,142,5,Hontoba
19,143,1,Horche
19,145,9,Hortezuela de Ocen
19,146,2,"Huerce, La"
19,147,8,Huermeces del Cerro
19,148,4,Huertahernando
19,150,0,Hueva
19,151,7,Humanes
19,152,2,Illana
19,153,8,Iniestola
19,154,3,"Inviernas, Las"
19,155,6,Irueste
19,156,9,Jadraque
19,157,5,Jirueque
19,159,4,Ledanca
19,160,8,Loranca de Tajuña
19,161,5,Lupiana
19,162,0,Luzaga
19,163,6,Luzon
19,165,4,Majaelrayo
19,166,7,Malaga del Fresno
19,167,3,Malaguilla
19,168,9,Mandayona
19,169,2,Mantiel
19,170,6,Maranchon
19,171,3,Marchamalo
19,172,8,Masegoso de Tajuña
19,173,4,Matarrubia
19,174,9,Matillas
19,175,2,Mazarete
19,176,5,Mazuecos
19,177,1,Medranda
19,178,7,Megina
19,179,0,Membrillera
19,181,1,Miedes de Atienza
19,182,6,"Mierla, La"
19,184,7,Millana
19,183,2,Milmarcos
19,185,0,"Miñosa, La"
19,186,3,Mirabueno
19,187,9,Miralrio
19,188,5,Mochales
19,189,8,Mohernando
19,190,2,Molina de Aragon
19,191,9,Monasterio
19,192,4,Mondejar
19,193,0,Montarron
19,194,5,Moratilla de los Meleros
19,195,8,Morenilla
19,196,1,Muduex
19,197,7,"Navas de Jadraque, Las"
19,198,3,Negredo
19,199,6,Ocentejo
19,200,0,"Olivar, El"
19,201,7,Olmeda de Cobeta
19,202,2,"Olmeda de Jadraque, La"
19,203,8,"Ordial, El"
19,204,3,Orea
19,208,1,Palmaces de Jadraque
19,209,4,Pardos
19,210,8,Paredes de Sigüenza
19,211,5,Pareja
19,212,0,Pastrana
19,213,6,"Pedregal, El"
19,214,1,Peñalen
19,215,4,Peñalver
19,216,7,Peralejos de las Truchas
19,217,3,Peralveche
19,218,9,Pinilla de Jadraque
19,219,2,Pinilla de Molina
19,220,6,Pioz
19,221,3,Piqueras
19,222,8,"Pobo de Dueñas, El"
19,223,4,Poveda de la Sierra
19,224,9,Pozo de Almoguera
19,225,2,Pozo de Guadalajara
19,226,5,Pradena de Atienza
19,227,1,Prados Redondos
19,228,7,Puebla de Beleña
19,229,0,Puebla de Valles
19,230,4,Quer
19,231,1,Rebollosa de Jadraque
19,232,6,"Recuenco, El"
19,233,2,Renera
19,234,7,Retiendas
19,235,0,Riba de Saelices
19,237,9,Rillo de Gallo
19,238,5,Riofrio del Llano
19,239,8,Robledillo de Mohernando
19,240,2,Robledo de Corpes
19,241,9,Romanillos de Atienza
19,242,4,Romanones
19,243,0,Rueda de la Sierra
19,244,5,Sacecorbo
19,245,8,Sacedon
19,246,1,Saelices de la Sal
19,247,7,Salmeron
19,248,3,San Andres del Congosto
19,249,6,San Andres del Rey
19,250,9,Santiuste
19,251,6,Sauca
19,252,1,Sayaton
19,254,2,Selas
19,901,0,Semillas
19,255,5,Setiles
19,256,8,Sienes
19,257,4,Sigüenza
19,258,0,Solanillos del Extremo
19,259,3,Somolinos
19,260,7,"Sotillo, El"
19,261,4,Sotodosos
19,262,9,Tamajon
19,263,5,Taragudo
19,264,0,Taravilla
19,265,3,Tartanedo
19,266,6,Tendilla
19,267,2,Terzaga
19,268,8,Tierzo
19,269,1,"Toba, La"
19,271,2,Tordellego
19,270,5,Tordelrabano
19,272,7,Tordesilos
19,274,8,Torija
19,279,9,Torre del Burgo
19,277,0,Torrecuadrada de Molina
19,278,6,Torrecuadradilla
19,280,3,Torrejon del Rey
19,281,0,Torremocha de Jadraque
19,282,5,Torremocha del Campo
19,283,1,Torremocha del Pinar
19,284,6,Torremochuela
19,285,9,Torrubia
19,286,2,Tortola de Henares
19,287,8,Tortuera
19,288,4,Tortuero
19,289,7,Traid
19,290,1,Trijueque
19,291,8,Trillo
19,293,9,Uceda
19,294,4,Ujados
19,296,0,Utande
19,297,6,Valdarachas
19,298,2,Valdearenas
19,299,5,Valdeavellano
19,300,9,Valdeaveruelo
19,301,6,Valdeconcha
19,302,1,Valdegrudas
19,303,7,Valdelcubo
19,304,2,Valdenuño Fernandez
19,305,5,Valdepeñas de la Sierra
19,306,8,Valderrebollo
19,307,4,Valdesotos
19,308,0,Valfermoso de Tajuña
19,309,3,Valhermoso
19,310,7,Valtablado del Rio
19,311,4,Valverde de los Arroyos
19,314,0,Viana de Jadraque
19,317,2,Villanueva de Alcoron
19,318,8,Villanueva de Argecilla
19,319,1,Villanueva de la Torre
19,321,2,Villares de Jadraque
19,322,7,Villaseca de Henares
19,323,3,Villaseca de Uceda
19,324,8,Villel de Mesa
19,325,1,Viñuelas
19,326,4,Yebes
19,327,0,Yebra
19,329,9,Yelamos de Abajo
19,330,3,Yelamos de Arriba
19,331,0,Yunquera de Henares
19,332,5,"Yunta, La"
19,333,1,Zaorejas
19,334,6,Zarzuela de Jadraque
19,335,9,Zorita de los Canes
20,1,3,Abaltzisketa
20,2,8,Aduna
20,16,3,Aia
20,3,4,Aizarnazabal
20,4,9,Albiztur
20,5,2,Alegia
20,6,5,Alkiza
20,906,6,Altzaga
20,7,1,Altzo
20,8,7,Amezketa
20,9,0,Andoain
20,10,4,Anoeta
20,11,1,Antzuola
20,12,6,Arama
20,13,2,Aretxabaleta
20,55,1,Arrasate/Mondragon
20,14,7,Asteasu
20,903,5,Astigarraga
20,15,0,Ataun
20,17,9,Azkoitia
20,18,5,Azpeitia
20,904,0,Baliarrain
20,19,8,Beasain
20,20,2,Beizama
20,21,9,Belauntza
20,22,4,Berastegi
20,74,4,Bergara
20,23,0,Berrobi
20,24,5,Bidegoian
20,29,6,Deba
20,69,7,Donostia-San Sebastian
20,30,0,Eibar
20,31,7,Elduain
20,33,8,Elgeta
20,32,2,Elgoibar
20,67,8,Errenteria
20,66,2,Errezil
20,34,3,Eskoriatza
20,35,6,Ezkio-Itsaso
20,38,1,Gabiria
20,37,5,Gaintza
20,907,2,Gaztelu
20,39,4,Getaria
20,40,8,Hernani
20,41,5,Hernialde
20,36,9,Hondarribia
20,42,0,Ibarra
20,43,6,Idiazabal
20,44,1,Ikaztegieta
20,45,4,Irun
20,46,7,Irura
20,47,3,Itsasondo
20,48,9,Larraul
20,902,9,Lasarte-Oria
20,49,2,Lazkao
20,50,5,Leaburu
20,51,2,Legazpi
20,52,7,Legorreta
20,68,4,Leintz-Gatzaga
20,53,3,Lezo
20,54,8,Lizartza
20,901,4,Mendaro
20,57,0,Mutiloa
20,56,4,Mutriku
20,63,1,Oiartzun
20,58,6,Olaberria
20,59,9,Oñati
20,76,0,Ordizia
20,905,3,Orendain
20,60,3,Orexa
20,61,0,Orio
20,62,5,Ormaiztegi
20,64,6,Pasaia
20,70,1,Segura
20,65,9,Soraluze/Placencia de las Armas
20,71,8,Tolosa
20,72,3,Urnieta
20,77,6,Urretxu
20,73,9,Usurbil
20,75,7,Villabona
20,78,2,Zaldibia
20,79,5,Zarautz
20,25,8,Zegama
20,26,1,Zerain
20,27,7,Zestoa
20,28,3,Zizurkil
20,81,6,Zumaia
20,80,9,Zumarraga
21,1,0,Alajar
21,2,5,Aljaraque
21,3,1,"Almendro, El"
21,4,6,Almonaster la Real
21,5,9,Almonte
21,6,2,Alosno
21,7,8,Aracena
21,8,4,Aroche
21,9,7,Arroyomolinos de Leon
21,10,1,Ayamonte
21,11,8,Beas
21,12,3,Berrocal
21,13,9,Bollullos Par del Condado
21,14,4,Bonares
21,15,7,Cabezas Rubias
21,16,0,Cala
21,17,6,Calañas
21,18,2,"Campillo, El"
21,19,5,Campofrio
21,20,9,Cañaveral de Leon
21,21,6,Cartaya
21,22,1,Castaño del Robledo
21,23,7,"Cerro de Andevalo, El"
21,30,7,Chucena
21,24,2,Corteconcepcion
21,25,5,Cortegana
21,26,8,Cortelazor
21,27,4,Cumbres de Enmedio
21,28,0,Cumbres de San Bartolome
21,29,3,Cumbres Mayores
21,31,4,Encinasola
21,32,9,Escacena del Campo
21,33,5,Fuenteheridos
21,34,0,Galaroza
21,35,3,Gibraleon
21,36,6,"Granada de Rio-Tinto, La"
21,37,2,"Granado, El"
21,38,8,Higuera de la Sierra
21,39,1,Hinojales
21,40,5,Hinojos
21,41,2,Huelva
21,42,7,Isla Cristina
21,43,3,Jabugo
21,44,8,Lepe
21,45,1,Linares de la Sierra
21,46,4,Lucena del Puerto
21,47,0,Manzanilla
21,48,6,"Marines, Los"
21,49,9,Minas de Riotinto
21,50,2,Moguer
21,51,9,"Nava, La"
21,52,4,Nerva
21,53,0,Niebla
21,54,5,"Palma del Condado, La"
21,55,8,Palos de la Frontera
21,56,1,Paterna del Campo
21,57,7,Paymogo
21,58,3,Puebla de Guzman
21,59,6,Puerto Moral
21,60,0,Punta Umbria
21,61,7,Rociana del Condado
21,62,2,Rosal de la Frontera
21,63,8,San Bartolome de la Torre
21,64,3,San Juan del Puerto
21,66,9,San Silvestre de Guzman
21,65,6,Sanlucar de Guadiana
21,67,5,Santa Ana la Real
21,68,1,Santa Barbara de Casa
21,69,4,Santa Olalla del Cala
21,70,8,Trigueros
21,71,5,Valdelarco
21,72,0,Valverde del Camino
21,73,6,Villablanca
21,74,1,Villalba del Alcor
21,75,4,Villanueva de las Cruces
21,76,7,Villanueva de los Castillejos
21,77,3,Villarrasa
21,78,9,Zalamea la Real
21,79,2,Zufre
22,1,5,Abiego
22,2,0,Abizanda
22,3,6,Adahuesca
22,4,1,Agüero
22,907,4,Ainsa-Sobrarbe
22,6,7,Aisa
22,7,3,Albalate de Cinca
22,8,9,Albalatillo
22,9,2,Albelda
22,11,3,Albero Alto
22,12,8,Albero Bajo
22,13,4,Alberuela de Tubo
22,14,9,Alcala de Gurrea
22,15,2,Alcala del Obispo
22,16,5,Alcampell
22,17,1,Alcolea de Cinca
22,18,7,Alcubierre
22,19,0,Alerre
22,20,4,Alfantega
22,21,1,Almudevar
22,22,6,Almunia de San Juan
22,23,2,Almuniente
22,24,7,Alquezar
22,25,0,Altorricon
22,27,9,Angües
22,28,5,Anso
22,29,8,Antillon
22,32,4,Aragües del Puerto
22,35,8,Aren
22,36,1,Argavieso
22,37,7,Arguis
22,39,6,Ayerbe
22,40,0,Azanuy-Alins
22,41,7,Azara
22,42,2,Azlor
22,43,8,Baells
22,44,3,Bailo
22,45,6,Baldellou
22,46,9,Ballobar
22,47,5,Banastas
22,48,1,Barbastro
22,49,4,Barbues
22,50,7,Barbuñales
22,51,4,Barcabo
22,52,9,Belver de Cinca
22,53,5,Benabarre
22,54,0,Benasque
22,55,3,Berbegal
22,57,2,Bielsa
22,58,8,Bierge
22,59,1,Biescas
22,60,5,Binaced
22,61,2,Binefar
22,62,7,Bisaurri
22,63,3,Biscarrues
22,64,8,Blecua y Torres
22,66,4,Boltaña
22,67,0,Bonansa
22,68,6,Borau
22,69,9,Broto
22,72,5,Caldearenas
22,74,6,Campo
22,75,9,Camporrells
22,76,2,Canal de Berdun
22,77,8,Candasnos
22,78,4,Canfranc
22,79,7,Capdesaso
22,80,1,Capella
22,81,8,Casbas de Huesca
22,83,9,Castejon de Monegros
22,84,4,Castejon de Sos
22,82,3,Castejon del Puente
22,85,7,Castelflorite
22,86,0,Castiello de Jaca
22,87,6,Castigaleu
22,88,2,Castillazuelo
22,89,5,Castillonroy
22,94,2,Chalamera
22,95,5,Chia
22,96,8,Chimillas
22,90,9,Colungo
22,99,3,Esplus
22,102,9,Estada
22,103,5,Estadilla
22,105,3,Estopiñan del Castillo
22,106,6,Fago
22,107,2,Fanlo
22,109,1,Fiscal
22,110,5,Fonz
22,111,2,Foradada del Toscar
22,112,7,Fraga
22,113,3,"Fueva, La"
22,114,8,Gistain
22,115,1,"Grado, El"
22,116,4,Grañen
22,117,0,Graus
22,119,9,Gurrea de Gallego
22,122,5,Hoz de Jaca
22,908,0,Hoz y Costean
22,124,6,Huerto
22,125,9,Huesca
22,126,2,Ibieca
22,127,8,Igries
22,128,4,Ilche
22,129,7,Isabena
22,130,1,Jaca
22,131,8,Jasa
22,133,9,Labuerda
22,135,7,Laluenga
22,136,0,Lalueza
22,137,6,Lanaja
22,139,5,Laperdiguera
22,141,6,Lascellas-Ponzano
22,142,1,Lascuarre
22,143,7,Laspaules
22,144,2,Laspuña
22,149,3,Loarre
22,150,6,Loporzano
22,151,3,Loscorrales
22,905,5,Lupiñen-Ortilla
22,155,2,Monesma y Cajigar
22,156,5,Monflorite-Lascasas
22,157,1,Montanuy
22,158,7,Monzon
22,160,4,Naval
22,162,6,Novales
22,163,2,Nueno
22,164,7,Olvena
22,165,0,Ontiñena
22,167,9,Osso de Cinca
22,168,5,Palo
22,170,2,Panticosa
22,172,4,Peñalba
22,173,0,"Peñas de Riglos, Las"
22,174,5,Peralta de Alcofea
22,175,8,Peralta de Calasanz
22,176,1,Peraltilla
22,177,7,Perarrua
22,178,3,Pertusa
22,181,7,Piraces
22,182,2,Plan
22,184,3,Poleñino
22,186,9,Pozan de Vero
22,187,5,"Puebla de Castro, La"
22,188,1,Puente de Montañana
22,902,1,Puente la Reina de Jaca
22,189,4,Puertolas
22,190,8,"Pueyo de Araguas, El"
22,193,6,Pueyo de Santa Cruz
22,195,4,Quicena
22,197,3,Robres
22,199,2,Sabiñanigo
22,200,6,Sahun
22,201,3,Salas Altas
22,202,8,Salas Bajas
22,203,4,Salillas
22,204,9,Sallent de Gallego
22,205,2,San Esteban de Litera
22,207,1,San Juan de Plan
22,903,7,San Miguel del Cinca
22,206,5,Sangarren
22,208,7,Santa Cilia
22,209,0,Santa Cruz de la Seros
22,906,8,Santa Maria de Dulcis
22,212,6,Santaliestra y San Quilez
22,213,2,Sariñena
22,214,7,Secastilla
22,215,0,Seira
22,217,9,Sena
22,218,5,Senes de Alcubierre
22,220,2,Sesa
22,221,9,Sesue
22,222,4,Sietamo
22,223,0,Sopeira
22,904,2,"Sotonera, La"
22,225,8,Tamarite de Litera
22,226,1,Tardienta
22,227,7,Tella-Sin
22,228,3,Tierz
22,229,6,Tolva
22,230,0,Torla
22,232,2,Torralba de Aragon
22,233,8,Torre la Ribera
22,234,3,Torrente de Cinca
22,235,6,Torres de Alcanadre
22,236,9,Torres de Barbues
22,239,4,Tramaced
22,242,0,Valfarta
22,243,6,Valle de Bardaji
22,901,6,Valle de Hecho
22,244,1,Valle de Lierp
22,245,4,Velilla de Cinca
22,909,3,Vencillon
22,246,7,Veracruz
22,247,3,Viacamp y Litera
22,248,9,Vicien
22,249,2,Villanova
22,250,5,Villanua
22,251,2,Villanueva de Sigena
22,252,7,Yebra de Basa
22,253,3,Yesero
22,254,8,Zaidin
23,1,1,Albanchez de Magina
23,2,6,Alcala la Real
23,3,2,Alcaudete
23,4,7,Aldeaquemada
23,5,0,Andujar
23,6,3,Arjona
23,7,9,Arjonilla
23,8,5,Arquillos
23,905,1,Arroyo del Ojanco
23,9,8,Baeza
23,10,2,Bailen
23,11,9,Baños de la Encina
23,12,4,Beas de Segura
23,902,7,Bedmar y Garciez
23,14,5,Begijar
23,15,8,Belmez de la Moraleda
23,16,1,Benatae
23,17,7,Cabra del Santo Cristo
23,18,3,Cambil
23,19,6,Campillo de Arenas
23,20,0,Canena
23,21,7,Carboneros
23,901,2,Carcheles
23,24,3,"Carolina, La"
23,25,6,Castellar
23,26,9,Castillo de Locubin
23,27,5,Cazalilla
23,28,1,Cazorla
23,29,4,Chiclana de Segura
23,30,8,Chilluevar
23,31,5,Escañuela
23,32,0,Espeluy
23,33,6,Frailes
23,34,1,Fuensanta de Martos
23,35,4,Fuerte del Rey
23,37,3,Genave
23,38,9,"Guardia de Jaen, La"
23,39,2,Guarroman
23,41,3,Higuera de Calatrava
23,42,8,Hinojares
23,43,4,Hornos
23,44,9,Huelma
23,45,2,Huesa
23,46,5,Ibros
23,47,1,"Iruela, La"
23,48,7,Iznatoraf
23,49,0,Jabalquinto
23,50,3,Jaen
23,51,0,Jamilena
23,52,5,Jimena
23,53,1,Jodar
23,40,6,Lahiguera
23,54,6,Larva
23,55,9,Linares
23,56,2,Lopera
23,57,8,Lupion
23,58,4,Mancha Real
23,59,7,Marmolejo
23,60,1,Martos
23,61,8,Mengibar
23,62,3,Montizon
23,63,9,Navas de San Juan
23,64,4,Noalejo
23,65,7,Orcera
23,66,0,Peal de Becerro
23,67,6,Pegalajar
23,69,5,Porcuna
23,70,9,Pozo Alcon
23,71,6,Puente de Genave
23,72,1,"Puerta de Segura, La"
23,73,7,Quesada
23,74,2,Rus
23,75,5,Sabiote
23,76,8,Santa Elena
23,77,4,Santiago de Calatrava
23,904,8,Santiago-Pontones
23,79,3,Santisteban del Puerto
23,80,7,Santo Tome
23,81,4,Segura de la Sierra
23,82,9,Siles
23,84,0,Sorihuela del Guadalimar
23,86,6,Torre del Campo
23,85,3,Torreblascopedro
23,87,2,Torredonjimeno
23,88,8,Torreperogil
23,90,5,Torres
23,91,2,Torres de Albanchez
23,92,7,Ubeda
23,93,3,Valdepeñas de Jaen
23,94,8,Vilches
23,95,1,Villacarrillo
23,96,4,Villanueva de la Reina
23,97,0,Villanueva del Arzobispo
23,98,6,Villardompardo
23,99,9,"Villares, Los"
23,101,0,Villarrodrigo
23,903,3,Villatorres
24,1,6,Acebedo
24,2,1,Algadefe
24,3,7,Alija del Infantado
24,4,2,Almanza
24,5,5,"Antigua, La"
24,6,8,Ardon
24,7,4,Arganza
24,8,0,Astorga
24,9,3,Balboa
24,10,7,"Bañeza, La"
24,11,4,Barjas
24,12,9,"Barrios de Luna, Los"
24,14,0,Bembibre
24,15,3,Benavides
24,16,6,Benuza
24,17,2,Bercianos del Paramo
24,18,8,Bercianos del Real Camino
24,19,1,Berlanga del Bierzo
24,20,5,Boca de Huergano
24,21,2,Boñar
24,22,7,Borrenes
24,23,3,Brazuelo
24,24,8,"Burgo Ranero, El"
24,25,1,Buron
24,26,4,Bustillo del Paramo
24,27,0,Cabañas Raras
24,28,6,Cabreros del Rio
24,29,9,Cabrillanes
24,30,3,Cacabelos
24,31,0,Calzada del Coto
24,32,5,Campazas
24,33,1,Campo de Villavidel
24,34,6,Camponaraya
24,36,2,Candin
24,37,8,Carmenes
24,38,4,Carracedelo
24,39,7,Carrizo
24,40,1,Carrocera
24,41,8,Carucedo
24,42,3,Castilfale
24,43,9,Castrillo de Cabrera
24,44,4,Castrillo de la Valduerna
24,46,0,Castrocalbon
24,47,6,Castrocontrigo
24,49,5,Castropodame
24,50,8,Castrotierra de Valmadrigal
24,51,5,Cea
24,52,0,Cebanico
24,53,6,Cebrones del Rio
24,65,2,Chozas de Abajo
24,54,1,Cimanes de la Vega
24,55,4,Cimanes del Tejar
24,56,7,Cistierna
24,57,3,Congosto
24,58,9,Corbillos de los Oteros
24,59,2,Corullon
24,60,6,Cremenes
24,61,3,Cuadros
24,62,8,Cubillas de los Oteros
24,63,4,Cubillas de Rueda
24,64,9,Cubillos del Sil
24,66,5,Destriana
24,67,1,Encinedo
24,68,7,"Ercina, La"
24,69,0,Escobar de Campos
24,70,4,Fabero
24,71,1,Folgoso de la Ribera
24,73,2,Fresno de la Vega
24,74,7,Fuentes de Carbajal
24,76,3,Garrafe de Torio
24,77,9,Gordaliza del Pino
24,78,5,Gordoncillo
24,79,8,Gradefes
24,80,2,Grajal de Campos
24,81,9,Gusendos de los Oteros
24,82,4,Hospital de Orbigo
24,83,0,Igüeña
24,84,5,Izagre
24,86,1,Joarilla de las Matas
24,87,7,Laguna Dalga
24,88,3,Laguna de Negrillos
24,89,6,Leon
24,92,2,Llamas de la Ribera
24,90,0,Lucillo
24,91,7,Luyego
24,93,8,Magaz de Cepeda
24,94,3,Mansilla de las Mulas
24,95,6,Mansilla Mayor
24,96,9,Maraña
24,97,5,Matadeon de los Oteros
24,98,1,Matallana de Torio
24,99,4,Matanza
24,100,8,Molinaseca
24,101,5,Murias de Paredes
24,102,0,Noceda del Bierzo
24,103,6,Oencia
24,104,1,"Omañas, Las"
24,105,4,Onzonilla
24,106,7,Oseja de Sajambre
24,107,3,Pajares de los Oteros
24,108,9,Palacios de la Valduerna
24,109,2,Palacios del Sil
24,110,6,Paramo del Sil
24,112,8,Peranzanes
24,113,4,Pobladura de Pelayo Garcia
24,114,9,"Pola de Gordon, La"
24,115,2,Ponferrada
24,116,5,Posada de Valdeon
24,117,1,Pozuelo del Paramo
24,118,7,Prado de la Guzpeña
24,119,0,Priaranza del Bierzo
24,120,4,Prioro
24,121,1,Puebla de Lillo
24,122,6,Puente de Domingo Florez
24,123,2,Quintana del Castillo
24,124,7,Quintana del Marco
24,125,0,Quintana y Congosto
24,127,9,Regueras de Arriba
24,129,8,Reyero
24,130,2,Riaño
24,131,9,Riego de la Vega
24,132,4,Riello
24,133,0,Rioseco de Tapia
24,134,5,"Robla, La"
24,136,1,Roperuelos del Paramo
24,137,7,Sabero
24,139,6,Sahagun
24,141,7,San Adrian del Valle
24,142,2,San Andres del Rabanedo
24,144,3,San Cristobal de la Polantera
24,145,6,San Emiliano
24,146,9,San Esteban de Nogales
24,148,1,San Justo de la Vega
24,149,4,San Millan de los Caballeros
24,150,7,San Pedro Bercianos
24,143,8,Sancedo
24,151,4,Santa Colomba de Curueño
24,152,9,Santa Colomba de Somoza
24,153,5,Santa Cristina de Valmadrigal
24,154,0,Santa Elena de Jamuz
24,155,3,Santa Maria de la Isla
24,158,8,Santa Maria de Ordas
24,156,6,Santa Maria del Monte de Cea
24,157,2,Santa Maria del Paramo
24,159,1,Santa Marina del Rey
24,160,5,Santas Martas
24,161,2,Santiago Millas
24,162,7,Santovenia de la Valdoncina
24,163,3,Sariegos
24,164,8,Sena de Luna
24,165,1,Sobrado
24,166,4,Soto de la Vega
24,167,0,Soto y Amio
24,168,6,Toral de los Guzmanes
24,206,6,Toral de los Vados
24,169,9,Toreno
24,170,3,Torre del Bierzo
24,171,0,Trabadelo
24,172,5,Truchas
24,173,1,Turcia
24,174,6,Urdiales del Paramo
24,185,7,Val de San Lorenzo
24,175,9,Valdefresno
24,176,2,Valdefuentes del Paramo
24,177,8,Valdelugueros
24,178,4,Valdemora
24,179,7,Valdepielago
24,180,1,Valdepolo
24,181,8,Valderas
24,182,3,Valderrey
24,183,9,Valderrueda
24,184,4,Valdesamario
24,187,6,Valdevimbre
24,188,2,Valencia de Don Juan
24,191,6,Vallecillo
24,189,5,Valverde de la Virgen
24,190,9,Valverde-Enrique
24,193,7,"Vecilla, La"
24,196,8,Vega de Espinareda
24,197,4,Vega de Infanzones
24,198,0,Vega de Valcarce
24,194,2,Vegacervera
24,199,3,Vegaquemada
24,201,4,Vegas del Condado
24,202,9,Villablino
24,203,5,Villabraz
24,205,3,Villadangos del Paramo
24,207,2,Villademor de la Vega
24,209,1,Villafranca del Bierzo
24,210,5,Villagaton
24,211,2,Villamandos
24,901,7,Villamanin
24,212,7,Villamañan
24,213,3,Villamartin de Don Sancho
24,214,8,Villamejil
24,215,1,Villamol
24,216,4,Villamontan de la Valduerna
24,217,0,Villamoratiel de las Matas
24,218,6,Villanueva de las Manzanas
24,219,9,Villaobispo de Otero
24,902,2,Villaornate y Castro
24,221,0,Villaquejida
24,222,5,Villaquilambre
24,223,1,Villarejo de Orbigo
24,224,6,Villares de Orbigo
24,225,9,Villasabariego
24,226,2,Villaselan
24,227,8,Villaturiel
24,228,4,Villazala
24,229,7,Villazanzo de Valderaduey
24,230,1,Zotes del Paramo
25,1,9,Abella de la Conca
25,2,4,Àger
25,3,0,Agramunt
25,38,7,Aitona
25,4,5,"Alamus, Els"
25,5,8,Alàs i Cerc
25,6,1,"Albages, L'"
25,7,7,Albatàrrec
25,8,3,Albesa
25,9,6,"Albi, L'"
25,10,0,Alcano
25,11,7,Alcarràs
25,12,2,Alcoletge
25,13,8,Alfarràs
25,14,3,Alfes
25,15,6,Algerri
25,16,9,Alguaire
25,17,5,Alins
25,19,4,Almacelles
25,20,8,Almatret
25,21,5,Almenar
25,22,0,Alòs de Balaguer
25,23,6,Alpicat
25,24,1,Alt Àneu
25,27,3,Anglesola
25,29,2,Arbeca
25,31,3,Arres
25,32,8,Arsèguel
25,33,4,Artesa de Lleida
25,34,9,Artesa de Segre
25,36,5,Aspa
25,37,1,"Avellanes i Santa Linya, Les"
25,39,0,Baix Pallars
25,40,4,Balaguer
25,41,1,Barbens
25,42,6,"Baronia de Rialb, La"
25,44,7,Bassella
25,45,0,Bausen
25,46,3,Belianes
25,170,6,Bellaguarda
25,47,9,Bellcaire d'Urgell
25,48,5,Bell-lloc d'Urgell
25,49,8,Bellmunt d'Urgell
25,50,1,Bellpuig
25,51,8,Bellver de Cerdanya
25,52,3,Bellvis
25,53,9,Benavent de Segrià
25,55,7,Biosca
25,57,6,"Bòrdes, Es"
25,58,2,"Borges Blanques, Les"
25,59,5,Bossòst
25,56,0,Bovera
25,60,9,Cabanabona
25,61,6,Cabo
25,62,1,Camarasa
25,63,7,Canejan
25,904,6,Castell de Mur
25,64,2,Castellar de la Ribera
25,67,4,Castelldans
25,68,0,Castellnou de Seana
25,69,3,Castello de Farfanya
25,70,7,Castellserà
25,71,4,Cava
25,72,9,Cervera
25,73,5,Cervià de les Garrigues
25,74,0,Ciutadilla
25,75,3,Clariana de Cardener
25,76,6,"Cogul, El"
25,77,2,Coll de Nargo
25,163,6,"Coma i la Pedra, La"
25,161,5,Conca de Dalt
25,78,8,Corbins
25,79,1,Cubells
25,81,2,"Espluga Calba, L'"
25,82,7,Espot
25,88,6,Estamariu
25,85,1,Estaràs
25,86,4,Esterri d'Àneu
25,87,0,Esterri de Cardos
25,89,9,Farrera
25,908,4,Figols i Alinyà
25,92,5,"Floresta, La"
25,93,1,Fondarella
25,94,6,Foradada
25,96,2,"Fuliola, La"
25,97,8,Fulleda
25,98,4,Gavet de la Conca
25,912,3,Gimenells i el Pla de la Font
25,99,7,Golmes
25,100,1,Gosol
25,101,8,"Granadella, La"
25,102,3,"Granja d'Escarp, La"
25,103,9,Granyanella
25,105,7,Granyena de les Garrigues
25,104,4,Granyena de Segarra
25,109,5,Guimerà
25,903,1,"Guingueta d'Àneu, La"
25,110,9,Guissona
25,111,6,Guixers
25,115,5,Isona i Conca Dellà
25,112,1,Ivars de Noguera
25,113,7,Ivars d'Urgell
25,114,2,Ivorra
25,910,1,Josa i Tuixen
25,118,0,Juncosa
25,119,3,Juneda
25,121,4,Les
25,122,9,Linyola
25,123,5,Lladorre
25,124,0,Lladurs
25,125,3,Llardecans
25,126,6,Llavorsi
25,120,7,Lleida
25,127,2,Lles de Cerdanya
25,128,8,Llimiana
25,129,1,Llobera
25,133,3,Maials
25,130,5,Maldà
25,131,2,Massalcoreig
25,132,7,Massoteres
25,134,8,Menàrguens
25,135,1,Miralcamp
25,137,0,Mollerussa
25,136,4,"Molsosa, La"
25,139,9,Montellà i Martinet
25,140,3,Montferrer i Castellbò
25,138,6,Montgai
25,142,5,Montoliu de Lleida
25,141,0,Montoliu de Segarra
25,143,1,Montornès de Segarra
25,145,9,Nalec
25,25,4,Naut Aran
25,146,2,Navès
25,148,4,Odèn
25,149,7,Oliana
25,150,0,Oliola
25,151,7,Olius
25,152,2,"Oluges, Les"
25,153,8,"Omellons, Els"
25,154,3,"Omells de na Gaia, Els"
25,155,6,Organyà
25,156,9,Os de Balaguer
25,157,5,Osso de Sio
25,158,1,"Palau d'Anglesola, El"
25,164,1,Penelles
25,165,4,Peramola
25,166,7,Pinell de Solsonès
25,167,3,Pinos
25,911,8,"Plans de Sio, Els"
25,168,9,"Poal, El"
25,169,2,"Pobla de Cervoles, La"
25,171,3,"Pobla de Segur, La"
25,30,6,"Pont de Bar, El"
25,173,4,"Pont de Suert, El"
25,172,8,Ponts
25,174,9,"Portella, La"
25,175,2,Prats i Sansor
25,176,5,Preixana
25,177,1,Preixens
25,179,0,Prullans
25,180,4,Puiggròs
25,181,1,Puigverd d'Agramunt
25,182,6,Puigverd de Lleida
25,183,2,Rialp
25,905,9,Ribera d'Ondara
25,185,0,Ribera d'Urgellet
25,186,3,Riner
25,913,9,Riu de Cerdanya
25,189,8,Rossello
25,190,2,Salàs de Pallars
25,191,9,Sanaüja
25,196,1,Sant Esteve de la Sarga
25,192,4,Sant Guim de Freixenet
25,197,7,Sant Guim de la Plana
25,193,0,Sant Llorenç de Morunys
25,902,5,Sant Marti de Riucorb
25,194,5,Sant Ramon
25,201,7,Sarroca de Bellera
25,200,0,Sarroca de Lleida
25,202,2,Senterada
25,35,2,"Sentiu de Sio, La"
25,204,3,Seròs
25,203,8,"Seu d'Urgell, La"
25,205,6,Sidamon
25,206,9,"Soleràs, El"
25,207,5,Solsona
25,208,1,Soriguera
25,209,4,Sort
25,210,8,Soses
25,211,5,Sudanell
25,212,0,Sunyer
25,215,4,Talarn
25,216,7,Talavera
25,217,3,Tàrrega
25,218,9,Tarres
25,219,2,Tarroja de Segarra
25,220,6,Termens
25,221,3,Tirvia
25,222,8,Tiurana
25,223,4,Torà
25,224,9,"Torms, Els"
25,225,2,Tornabous
25,227,1,"Torre de Cabdella, La"
25,226,5,Torrebesses
25,228,7,Torrefarrera
25,907,8,Torrefeta i Florejacs
25,230,4,Torregrossa
25,231,1,Torrelameu
25,232,6,Torres de Segre
25,233,2,Torre-serona
25,234,7,Tremp
25,43,2,"Vall de Boi, La"
25,901,0,Vall de Cardos
25,238,5,Vallbona de les Monges
25,240,2,Vallfogona de Balaguer
25,906,2,"Valls d'Aguilar, Les"
25,239,8,"Valls de Valira, Les"
25,909,7,"Vansa i Fornols, La"
25,242,4,Verdu
25,243,0,Vielha e Mijaran
25,244,5,Vilagrassa
25,245,8,Vilaller
25,247,7,Vilamòs
25,248,3,Vilanova de Bellpuig
25,254,2,Vilanova de la Barca
25,249,6,Vilanova de l'Aguda
25,250,9,Vilanova de Meià
25,251,6,Vilanova de Segrià
25,252,1,Vila-sana
25,253,7,"Vilosell, El"
25,255,5,Vinaixa
26,1,2,Abalos
26,2,7,Agoncillo
26,3,3,Aguilar del Rio Alhama
26,4,8,Ajamil de Cameros
26,5,1,Albelda de Iregua
26,6,4,Alberite
26,7,0,Alcanadre
26,8,6,Aldeanueva de Ebro
26,9,9,Alesanco
26,10,3,Aleson
26,11,0,Alfaro
26,12,5,Almarza de Cameros
26,13,1,Anguciana
26,14,6,Anguiano
26,15,9,Arenzana de Abajo
26,16,2,Arenzana de Arriba
26,17,8,Arnedillo
26,18,4,Arnedo
26,19,7,Arrubal
26,20,1,Ausejo
26,21,8,Autol
26,22,3,Azofra
26,23,9,Badaran
26,24,4,Bañares
26,26,0,Baños de Rio Tobia
26,25,7,Baños de Rioja
26,27,6,Berceo
26,28,2,Bergasa
26,29,5,Bergasillas Bajera
26,30,9,Bezares
26,31,6,Bobadilla
26,32,1,Brieva de Cameros
26,33,7,Briñas
26,34,2,Briones
26,35,5,Cabezon de Cameros
26,36,8,Calahorra
26,37,4,Camprovin
26,38,0,Canales de la Sierra
26,39,3,Canillas de Rio Tuerto
26,40,7,Cañas
26,41,4,Cardenas
26,42,9,Casalarreina
26,43,5,Castañares de Rioja
26,44,0,Castroviejo
26,45,3,Cellorigo
26,46,6,Cenicero
26,47,2,Cervera del Rio Alhama
26,48,8,Cidamon
26,49,1,Cihuri
26,50,4,Cirueña
26,51,1,Clavijo
26,52,6,Cordovin
26,53,2,Corera
26,54,7,Cornago
26,55,0,Corporales
26,56,3,Cuzcurrita de Rio Tiron
26,57,9,Daroca de Rioja
26,58,5,Enciso
26,59,8,Entrena
26,60,2,Estollo
26,61,9,Ezcaray
26,62,4,Foncea
26,63,0,Fonzaleche
26,64,5,Fuenmayor
26,65,8,Galbarruli
26,66,1,Galilea
26,67,7,Gallinero de Cameros
26,68,3,Gimileo
26,69,6,Grañon
26,70,0,Gravalos
26,71,7,Haro
26,72,2,Herce
26,73,8,Herramelluri
26,74,3,Hervias
26,75,6,Hormilla
26,76,9,Hormilleja
26,77,5,Hornillos de Cameros
26,78,1,Hornos de Moncalvillo
26,79,4,Huercanos
26,80,8,Igea
26,81,5,Jalon de Cameros
26,82,0,Laguna de Cameros
26,83,6,Lagunilla del Jubera
26,84,1,Lardero
26,86,7,Ledesma de la Cogolla
26,87,3,Leiva
26,88,9,Leza de Rio Leza
26,89,2,Logroño
26,91,3,Lumbreras
26,92,8,Manjarres
26,93,4,Mansilla de la Sierra
26,94,9,Manzanares de Rioja
26,95,2,Matute
26,96,5,Medrano
26,98,7,Munilla
26,99,0,Murillo de Rio Leza
26,100,4,Muro de Aguas
26,101,1,Muro en Cameros
26,102,6,Najera
26,103,2,Nalda
26,104,7,Navajun
26,105,0,Navarrete
26,106,3,Nestares
26,107,9,Nieva de Cameros
26,109,8,Ochanduri
26,108,5,Ocon
26,110,2,Ojacastro
26,111,9,Ollauri
26,112,4,Ortigosa de Cameros
26,113,0,Pazuengos
26,114,5,Pedroso
26,115,8,Pinillos
26,117,7,Pradejon
26,118,3,Pradillo
26,119,6,Prejano
26,120,0,Quel
26,121,7,Rabanera
26,122,2,"Rasillo de Cameros, El"
26,123,8,"Redal, El"
26,124,3,Ribafrecha
26,125,6,Rincon de Soto
26,126,9,Robres del Castillo
26,127,5,Rodezno
26,128,1,Sajazarra
26,129,4,San Asensio
26,130,8,San Millan de la Cogolla
26,131,5,San Millan de Yecora
26,132,0,San Roman de Cameros
26,139,2,San Torcuato
26,142,8,San Vicente de la Sonsierra
26,134,1,Santa Coloma
26,135,4,Santa Engracia del Jubera
26,136,7,Santa Eulalia Bajera
26,138,9,Santo Domingo de la Calzada
26,140,6,Santurde de Rioja
26,141,3,Santurdejo
26,143,4,Sojuela
26,144,9,Sorzano
26,145,2,Sotes
26,146,5,Soto en Cameros
26,147,1,Terroba
26,148,7,Tirgo
26,149,0,Tobia
26,150,3,Tormantos
26,153,1,Torre en Cameros
26,151,0,Torrecilla en Cameros
26,152,5,Torrecilla sobre Alesanco
26,154,6,Torremontalbo
26,155,9,Treviana
26,157,8,Tricio
26,158,4,Tudelilla
26,160,1,Uruñuela
26,161,8,Valdemadera
26,162,3,Valgañon
26,163,9,Ventosa
26,164,4,Ventrosa
26,165,7,Viguera
26,166,0,Villalba de Rioja
26,167,6,Villalobar de Rioja
26,168,2,Villamediana de Iregua
26,169,5,Villanueva de Cameros
26,170,9,"Villar de Arnedo, El"
26,171,6,Villar de Torre
26,172,1,Villarejo
26,173,7,Villarroya
26,174,2,Villarta-Quintana
26,175,5,Villavelayo
26,176,8,Villaverde de Rioja
26,177,4,Villoslada de Cameros
26,178,0,Viniegra de Abajo
26,179,3,Viniegra de Arriba
26,180,7,Zarraton
26,181,4,Zarzosa
26,183,5,Zorraquin
27,1,8,Abadin
27,2,3,Alfoz
27,3,9,Antas de Ulla
27,4,4,Baleira
27,901,9,Baralla
27,5,7,Barreiros
27,6,0,Becerrea
27,7,6,Begonte
27,8,2,Boveda
27,902,4,Burela
27,9,5,Carballedo
27,10,9,Castro de Rei
27,11,6,Castroverde
27,12,1,Cervantes
27,13,7,Cervo
27,16,8,Chantada
27,14,2,"Corgo, O"
27,15,5,Cospeito
27,17,4,Folgoso do Courel
27,18,0,"Fonsagrada, A"
27,19,3,Foz
27,20,7,Friol
27,22,9,Guitiriz
27,23,5,Guntin
27,24,0,"Incio, O"
27,26,6,Lancara
27,27,2,Lourenza
27,28,8,Lugo
27,29,1,Meira
27,30,5,Mondoñedo
27,31,2,Monforte de Lemos
27,32,7,Monterroso
27,33,3,Muras
27,34,8,Navia de Suarna
27,35,1,Negueira de Muñiz
27,37,0,"Nogais, As"
27,38,6,Ourol
27,39,9,Outeiro de Rei
27,40,3,Palas de Rei
27,41,0,Panton
27,42,5,Paradela
27,43,1,"Paramo, O"
27,44,6,"Pastoriza, A"
27,45,9,Pedrafita do Cebreiro
27,47,8,"Pobra do Brollon, A"
27,46,2,Pol
27,48,4,"Pontenova, A"
27,49,7,Portomarin
27,50,0,Quiroga
27,56,9,Rabade
27,51,7,Ribadeo
27,52,2,Ribas de Sil
27,53,8,Ribeira de Piquin
27,54,3,Riotorto
27,55,6,Samos
27,57,5,Sarria
27,58,1,"Saviñao, O"
27,59,4,Sober
27,60,8,Taboada
27,61,5,Trabada
27,62,0,Triacastela
27,63,6,"Valadouro, O"
27,64,1,"Vicedo, O"
27,65,4,Vilalba
27,66,7,Viveiro
27,21,4,Xermade
27,25,3,Xove
28,1,4,"Acebeda, La"
28,2,9,Ajalvir
28,3,5,Alameda del Valle
28,4,0,"Alamo, El"
28,5,3,Alcala de Henares
28,6,6,Alcobendas
28,7,2,Alcorcon
28,8,8,Aldea del Fresno
28,9,1,Algete
28,10,5,Alpedrete
28,11,2,Ambite
28,12,7,Anchuelo
28,13,3,Aranjuez
28,14,8,Arganda del Rey
28,15,1,Arroyomolinos
28,16,4,"Atazar, El"
28,17,0,Batres
28,18,6,Becerril de la Sierra
28,19,9,Belmonte de Tajo
28,21,0,"Berrueco, El"
28,20,3,Berzosa del Lozoya
28,22,5,Boadilla del Monte
28,23,1,"Boalo, El"
28,24,6,Braojos
28,25,9,Brea de Tajo
28,26,2,Brunete
28,27,8,Buitrago del Lozoya
28,28,4,Bustarviejo
28,29,7,Cabanillas de la Sierra
28,30,1,"Cabrera, La"
28,31,8,Cadalso de los Vidrios
28,32,3,Camarma de Esteruelas
28,33,9,Campo Real
28,34,4,Canencia
28,35,7,Carabaña
28,36,0,Casarrubuelos
28,37,6,Cenicientos
28,38,2,Cercedilla
28,39,5,Cervera de Buitrago
28,51,3,Chapineria
28,52,8,Chinchon
28,40,9,Ciempozuelos
28,41,6,Cobeña
28,46,8,Collado Mediano
28,47,4,Collado Villalba
28,43,7,Colmenar de Oreja
28,42,1,Colmenar del Arroyo
28,45,5,Colmenar Viejo
28,44,2,Colmenarejo
28,48,0,Corpa
28,49,3,Coslada
28,50,6,Cubas de la Sagra
28,53,4,Daganzo de Arriba
28,54,9,"Escorial, El"
28,55,2,Estremera
28,56,5,Fresnedillas de la Oliva
28,57,1,Fresno de Torote
28,58,7,Fuenlabrada
28,59,0,Fuente el Saz de Jarama
28,60,4,Fuentidueña de Tajo
28,61,1,Galapagar
28,62,6,Garganta de los Montes
28,63,2,Gargantilla del Lozoya y Pinilla de Buitrago
28,64,7,Gascones
28,65,0,Getafe
28,66,3,Griñon
28,67,9,Guadalix de la Sierra
28,68,5,Guadarrama
28,69,8,"Hiruela, La"
28,70,2,Horcajo de la Sierra-Aoslos
28,71,9,Horcajuelo de la Sierra
28,72,4,Hoyo de Manzanares
28,73,0,Humanes de Madrid
28,74,5,Leganes
28,75,8,Loeches
28,76,1,Lozoya
28,901,5,Lozoyuela-Navas-Sieteiglesias
28,78,3,Madarcos
28,79,6,Madrid
28,80,0,Majadahonda
28,82,2,Manzanares el Real
28,83,8,Meco
28,84,3,Mejorada del Campo
28,85,6,Miraflores de la Sierra
28,86,9,"Molar, El"
28,87,5,"Molinos, Los"
28,88,1,Montejo de la Sierra
28,89,4,Moraleja de Enmedio
28,90,8,Moralzarzal
28,91,5,Morata de Tajuña
28,92,0,Mostoles
28,93,6,Navacerrada
28,94,1,Navalafuente
28,95,4,Navalagamella
28,96,7,Navalcarnero
28,97,3,Navarredonda y San Mames
28,99,2,Navas del Rey
28,100,6,Nuevo Baztan
28,101,3,Olmeda de las Fuentes
28,102,8,Orusco de Tajuña
28,104,9,Paracuellos de Jarama
28,106,5,Parla
28,107,1,Patones
28,108,7,Pedrezuela
28,109,0,Pelayos de la Presa
28,110,4,Perales de Tajuña
28,111,1,Pezuela de las Torres
28,112,6,Pinilla del Valle
28,113,2,Pinto
28,114,7,Piñuecar-Gandullas
28,115,0,Pozuelo de Alarcon
28,116,3,Pozuelo del Rey
28,117,9,Pradena del Rincon
28,118,5,Puebla de la Sierra
28,902,0,Puentes Viejas
28,119,8,Quijorna
28,120,2,Rascafria
28,121,9,Redueña
28,122,4,Ribatejada
28,123,0,Rivas-Vaciamadrid
28,124,5,Robledillo de la Jara
28,125,8,Robledo de Chavela
28,126,1,Robregordo
28,127,7,"Rozas de Madrid, Las"
28,128,3,Rozas de Puerto Real
28,129,6,San Agustin del Guadalix
28,130,0,San Fernando de Henares
28,131,7,San Lorenzo de El Escorial
28,132,2,San Martin de la Vega
28,133,8,San Martin de Valdeiglesias
28,134,3,San Sebastian de los Reyes
28,135,6,Santa Maria de la Alameda
28,136,9,Santorcaz
28,137,5,"Santos de la Humosa, Los"
28,138,1,"Serna del Monte, La"
28,140,8,Serranillos del Valle
28,141,5,Sevilla la Nueva
28,143,6,Somosierra
28,144,1,Soto del Real
28,145,4,Talamanca de Jarama
28,146,7,Tielmes
28,147,3,Titulcia
28,148,9,Torrejon de Ardoz
28,149,2,Torrejon de la Calzada
28,150,5,Torrejon de Velasco
28,151,2,Torrelaguna
28,152,7,Torrelodones
28,153,3,Torremocha de Jarama
28,154,8,Torres de la Alameda
28,903,6,Tres Cantos
28,155,1,Valdaracete
28,156,4,Valdeavero
28,157,0,Valdelaguna
28,158,6,Valdemanco
28,159,9,Valdemaqueda
28,160,3,Valdemorillo
28,161,0,Valdemoro
28,162,5,Valdeolmos-Alalpardo
28,163,1,Valdepielagos
28,164,6,Valdetorres de Jarama
28,165,9,Valdilecha
28,166,2,Valverde de Alcala
28,167,8,Velilla de San Antonio
28,168,4,"Vellon, El"
28,169,7,Venturada
28,171,8,Villa del Prado
28,170,1,Villaconejos
28,172,3,Villalbilla
28,173,9,Villamanrique de Tajo
28,174,4,Villamanta
28,175,7,Villamantilla
28,176,0,Villanueva de la Cañada
28,178,2,Villanueva de Perales
28,177,6,Villanueva del Pardillo
28,179,5,Villar del Olmo
28,180,9,Villarejo de Salvanes
28,181,6,Villaviciosa de Odon
28,182,1,Villavieja del Lozoya
28,183,7,Zarzalejo
29,1,7,Alameda
29,2,2,Alcaucin
29,3,8,Alfarnate
29,4,3,Alfarnatejo
29,5,6,Algarrobo
29,6,9,Algatocin
29,7,5,Alhaurin de la Torre
29,8,1,Alhaurin el Grande
29,9,4,Almachar
29,10,8,Almargen
29,11,5,Almogia
29,12,0,Alora
29,13,6,Alozaina
29,14,1,Alpandeire
29,15,4,Antequera
29,16,7,Archez
29,17,3,Archidona
29,18,9,Ardales
29,19,2,Arenas
29,20,6,Arriate
29,21,3,Atajate
29,22,8,Benadalid
29,23,4,Benahavis
29,24,9,Benalauria
29,25,2,Benalmadena
29,26,5,Benamargosa
29,27,1,Benamocarra
29,28,7,Benaojan
29,29,0,Benarraba
29,30,4,"Borge, El"
29,31,1,"Burgo, El"
29,32,6,Campillos
29,33,2,Canillas de Aceituno
29,34,7,Canillas de Albaida
29,35,0,Cañete la Real
29,36,3,Carratraca
29,37,9,Cartajima
29,38,5,Cartama
29,39,8,Casabermeja
29,40,2,Casarabonela
29,41,9,Casares
29,42,4,Coin
29,43,0,Colmenar
29,44,5,Comares
29,45,8,Competa
29,46,1,Cortes de la Frontera
29,47,7,Cuevas Bajas
29,49,6,Cuevas de San Marcos
29,48,3,Cuevas del Becerro
29,50,9,Cutar
29,51,6,Estepona
29,52,1,Farajan
29,53,7,Frigiliana
29,54,2,Fuengirola
29,55,5,Fuente de Piedra
29,56,8,Gaucin
29,57,4,Genalguacil
29,58,0,Guaro
29,59,3,Humilladero
29,60,7,Igualeja
29,61,4,Istan
29,62,9,Iznate
29,63,5,Jimera de Libar
29,64,0,Jubrique
29,65,3,Juzcar
29,66,6,Macharaviaya
29,67,2,Malaga
29,68,8,Manilva
29,69,1,Marbella
29,70,5,Mijas
29,71,2,Moclinejo
29,72,7,Mollina
29,73,3,Monda
29,74,8,Montejaque
29,75,1,Nerja
29,76,4,Ojen
29,77,0,Parauta
29,79,9,Periana
29,80,3,Pizarra
29,81,0,Pujerra
29,82,5,Rincon de la Victoria
29,83,1,Riogordo
29,84,6,Ronda
29,85,9,Salares
29,86,2,Sayalonga
29,87,8,Sedella
29,88,4,Sierra de Yeguas
29,89,7,Teba
29,90,1,Tolox
29,901,8,Torremolinos
29,91,8,Torrox
29,92,3,Totalan
29,93,9,Valle de Abdalajis
29,94,4,Velez-Malaga
29,95,7,Villanueva de Algaidas
29,902,3,Villanueva de la Concepcion
29,98,2,Villanueva de Tapia
29,96,0,Villanueva del Rosario
29,97,6,Villanueva del Trabuco
29,99,5,Viñuela
29,100,9,Yunquera
30,1,1,Abanilla
30,2,6,Abaran
30,3,2,Aguilas
30,4,7,Albudeite
30,5,0,Alcantarilla
30,902,7,"Alcazares, Los"
30,6,3,Aledo
30,7,9,Alguazas
30,8,5,Alhama de Murcia
30,9,8,Archena
30,10,2,Beniel
30,11,9,Blanca
30,12,4,Bullas
30,13,0,Calasparra
30,14,5,Campos del Rio
30,15,8,Caravaca de la Cruz
30,16,1,Cartagena
30,17,7,Cehegin
30,18,3,Ceuti
30,19,6,Cieza
30,20,0,Fortuna
30,21,7,Fuente Alamo de Murcia
30,22,2,Jumilla
30,23,8,Librilla
30,24,3,Lorca
30,25,6,Lorqui
30,26,9,Mazarron
30,27,5,Molina de Segura
30,28,1,Moratalla
30,29,4,Mula
30,30,8,Murcia
30,31,5,Ojos
30,32,0,Pliego
30,33,6,Puerto Lumbreras
30,34,1,Ricote
30,35,4,San Javier
30,36,7,San Pedro del Pinatar
30,901,2,Santomera
30,37,3,Torre-Pacheco
30,38,9,"Torres de Cotillas, Las"
30,39,2,Totana
30,40,6,Ulea
30,41,3,"Union, La"
30,42,8,Villanueva del Rio Segura
30,43,4,Yecla
31,1,8,Abaigar
31,2,3,Abarzuza
31,3,9,Abaurregaina/Abaurrea Alta
31,4,4,Abaurrepea/Abaurrea Baja
31,5,7,Aberin
31,6,0,Ablitas
31,7,6,Adios
31,8,2,Aguilar de Codes
31,9,5,Aibar/Oibar
31,11,6,Allin
31,12,1,Allo
31,10,9,Altsasu/Alsasua
31,13,7,Amescoa Baja
31,14,2,Ancin/Antzin
31,15,5,Andosilla
31,16,8,Ansoain/Antsoain
31,17,4,Anue
31,18,0,Añorbe
31,19,3,Aoiz/Agoitz
31,20,7,Araitz
31,25,3,Arakil
31,21,4,Aranarache/Aranaratxe
31,23,5,Aranguren
31,24,0,Arano
31,22,9,Arantza
31,26,6,Aras
31,27,2,Arbizu
31,28,8,Arce/Artzi
31,29,1,"Arcos, Los"
31,30,5,Arellano
31,31,2,Areso
31,32,7,Arguedas
31,33,3,Aria
31,34,8,Aribe
31,35,1,Armañanzas
31,36,4,Arroniz
31,37,0,Arruazu
31,38,6,Artajona
31,39,9,Artazu
31,40,3,Atez
31,58,1,Auritz/Burguete
31,41,0,Ayegui/Aiegi
31,42,5,Azagra
31,43,1,Azuelo
31,44,6,Bakaiku
31,901,9,Barañain
31,45,9,Barasoain
31,46,2,Barbarin
31,47,8,Bargota
31,48,4,Barillas
31,49,7,Basaburua
31,50,0,Baztan
31,137,9,Beintza-Labaien
31,51,7,Beire
31,52,2,Belascoain
31,250,8,Bera
31,53,8,Berbinzana
31,905,8,Beriain
31,902,4,Berrioplano
31,903,0,Berriozar
31,54,3,Bertizarana
31,55,6,Betelu
31,253,6,Bidaurreta
31,56,9,Biurrun-Olcoz
31,57,5,Buñuel
31,59,4,Burgui/Burgi
31,60,8,Burlada/Burlata
31,61,5,"Busto, El"
31,62,0,Cabanillas
31,63,6,Cabredo
31,64,1,Cadreita
31,65,4,Caparroso
31,66,7,Carcar
31,67,3,Carcastillo
31,68,9,Cascante
31,69,2,Caseda
31,70,6,Castejon
31,71,3,Castillonuevo
31,193,9,Cendea de Olza/Oltza Zendea
31,72,8,Cintruenigo
31,74,9,Cirauqui/Zirauki
31,75,2,Ciriza
31,76,5,Cizur
31,77,1,Corella
31,78,7,Cortes
31,79,0,Desojo
31,80,4,Dicastillo
31,81,1,Donamaria
31,221,2,Doneztebe/Santesteban
31,83,2,Echarri
31,86,3,Egües
31,87,9,Elgorriaga
31,89,8,Eneriz/Eneritz
31,90,2,Eratsun
31,91,9,Ergoiena
31,92,4,Erro
31,94,5,Eslava
31,95,8,Esparza de Salazar/Espartza Zaraitzu
31,96,1,Espronceda
31,97,7,Estella/Lizarra
31,98,3,Esteribar
31,99,6,Etayo
31,82,6,Etxalar
31,84,7,Etxarri-Aranatz
31,85,0,Etxauri
31,100,0,Eulate
31,101,7,Ezcabarte
31,93,0,Ezcaroz/Ezkaroze
31,102,2,Ezkurra
31,103,8,Ezprogui
31,104,3,Falces
31,105,6,Fitero
31,106,9,Fontellas
31,107,5,Funes
31,108,1,Fustiñana
31,109,4,Galar
31,110,8,Gallipienzo/Galipentzu
31,111,5,Gallues/Galoze
31,112,0,Garaioa
31,113,6,Garde
31,114,1,Garinoain
31,115,4,Garralda
31,116,7,Genevilla
31,117,3,Goizueta
31,118,9,Goñi
31,119,2,Güesa/Gorza
31,120,6,Guesalaz/Gesalatz
31,121,3,Guirguillano
31,256,7,Hiriberri/Villanueva de Aezkoa
31,122,8,Huarte/Uharte
31,124,9,Ibargoiti
31,259,2,Igantzi
31,125,2,Iguzquiza
31,126,5,Imotz
31,127,1,Irañeta
31,904,5,Irurtzun
31,128,7,Isaba/Izaba
31,129,0,Ituren
31,130,4,Iturmendi
31,131,1,Iza/Itza
31,132,6,Izagaondoa
31,133,2,Izalzu/Itzaltzu
31,134,7,Jaurrieta
31,135,0,Javier
31,136,3,Juslapeña
31,138,5,Lakuntza
31,139,8,Lana
31,140,2,Lantz
31,141,9,Lapoblacion
31,142,4,Larraga
31,143,0,Larraona
31,144,5,Larraun
31,145,8,Lazagurria
31,146,1,Leache
31,147,7,Legarda
31,148,3,Legaria
31,149,6,Leitza
31,908,3,Lekunberri
31,150,9,Leoz/Leotz
31,151,6,Lerga
31,152,1,Lerin
31,153,7,Lesaka
31,154,2,Lezaun
31,155,5,Liedena
31,156,8,Lizoain-Arriasgoiti
31,157,4,Lodosa
31,158,0,Longuida/Longida
31,159,3,Lumbier
31,160,7,Luquin
31,248,2,Luzaide/Valcarlos
31,161,4,Mañeru
31,162,9,Marañon
31,163,5,Marcilla
31,164,0,Melida
31,165,3,Mendavia
31,166,6,Mendaza
31,167,2,Mendigorria
31,168,8,Metauten
31,169,1,Milagro
31,170,5,Mirafuentes
31,171,2,Miranda de Arga
31,172,7,Monreal
31,173,3,Monteagudo
31,174,8,Morentin
31,175,1,Mues
31,176,4,Murchante
31,177,0,Murieta
31,178,6,Murillo el Cuende
31,179,9,Murillo el Fruto
31,180,3,Muruzabal
31,181,0,Navascues
31,182,5,Nazar
31,88,5,Noain (Valle de Elorz)/Noain (Elortzibar)
31,183,1,Obanos
31,185,9,Ochagavia/Otsagabia
31,184,6,Oco
31,186,2,Odieta
31,187,8,Oitz
31,188,4,Olaibar
31,189,7,Olazti/Olazagutia
31,190,1,Olejua
31,191,8,Olite/Erriberri
31,194,4,Ollo
31,192,3,Oloriz/Oloritz
31,195,7,Orbaitzeta
31,196,0,Orbara
31,197,6,Orisoain
31,906,1,Orkoien
31,198,2,Oronz/Orontze
31,199,5,Oroz-Betelu/Orotz-Betelu
31,211,4,Orreaga/Roncesvalles
31,200,9,Oteiza
31,201,6,Pamplona/Iruña
31,202,1,Peralta/Azkoien
31,203,7,Petilla de Aragon
31,204,2,Piedramillera
31,205,5,Pitillas
31,206,8,Puente la Reina/Gares
31,207,4,Pueyo
31,208,0,Ribaforada
31,209,3,Romanzado
31,210,7,Roncal/Erronkari
31,212,9,Sada
31,213,5,Saldias
31,214,0,Salinas de Oro/Jaitz
31,215,3,San Adrian
31,217,2,San Martin de Unx
31,216,6,Sangüesa/Zangoza
31,219,1,Sansol
31,220,5,Santacara
31,222,7,Sarries/Sartze
31,223,3,Sartaguda
31,224,8,Sesma
31,225,1,Sorlada
31,226,4,Sunbilla
31,227,0,Tafalla
31,228,6,Tiebas-Muruarte de Reta
31,229,9,Tirapu
31,230,3,Torralba del Rio
31,231,0,Torres del Rio
31,232,5,Tudela
31,233,1,Tulebras
31,234,6,Ucar
31,123,4,Uharte-Arakil
31,235,9,Ujue
31,236,2,Ultzama
31,237,8,Unciti
31,238,4,Unzue
31,239,7,Urdazubi/Urdax
31,240,1,Urdiain
31,241,8,Urraul Alto
31,242,3,Urraul Bajo
31,244,4,Urrotz
31,243,9,Urroz-Villa
31,245,7,Urzainqui/Urzainki
31,246,0,Uterga
31,247,6,Uztarroz/Uztarroze
31,260,6,Valle de Yerri/Deierri
31,249,5,Valtierra
31,251,5,Viana
31,252,0,Vidangoz/Bidankoze
31,254,1,Villafranca
31,255,4,Villamayor de Monjardin
31,257,3,Villatuerta
31,258,9,Villava/Atarrabia
31,261,3,Yesa
31,262,8,Zabalza/Zabaltza
31,73,4,Ziordia
31,907,7,Zizur Mayor/Zizur Nagusia
31,263,4,Zubieta
31,264,9,Zugarramurdi
31,265,2,Zuñiga
32,1,3,Allariz
32,2,8,Amoeiro
32,3,4,"Arnoia, A"
32,4,9,Avion
32,5,2,Baltar
32,6,5,Bande
32,7,1,Baños de Molgas
32,8,7,Barbadas
32,9,0,"Barco de Valdeorras, O"
32,10,4,Beade
32,11,1,Beariz
32,12,6,"Blancos, Os"
32,13,2,Boboras
32,14,7,"Bola, A"
32,15,0,"Bolo, O"
32,16,3,Calvos de Randin
32,18,5,Carballeda de Avia
32,17,9,Carballeda de Valdeorras
32,19,8,"Carballiño, O"
32,20,2,Cartelle
32,22,4,Castrelo de Miño
32,21,9,Castrelo do Val
32,23,0,Castro Caldelas
32,24,5,Celanova
32,25,8,Cenlle
32,29,6,Chandrexa de Queixa
32,26,1,Coles
32,27,7,Cortegada
32,28,3,Cualedro
32,30,0,Entrimo
32,31,7,Esgos
32,33,8,Gomesende
32,34,3,"Gudiña, A"
32,35,6,"Irixo, O"
32,38,1,Larouco
32,39,4,Laza
32,40,8,Leiro
32,41,5,Lobeira
32,42,0,Lobios
32,43,6,Maceda
32,44,1,Manzaneda
32,45,4,Maside
32,46,7,Melon
32,47,3,"Merca, A"
32,48,9,"Mezquita, A"
32,49,2,Montederramo
32,50,5,Monterrei
32,51,2,Muiños
32,52,7,Nogueira de Ramuin
32,53,3,Oimbra
32,54,8,Ourense
32,55,1,Paderne de Allariz
32,56,4,Padrenda
32,57,0,Parada de Sil
32,58,6,"Pereiro de Aguiar, O"
32,59,9,"Peroxa, A"
32,60,3,Petin
32,61,0,Piñor
32,63,1,"Pobra de Trives, A"
32,64,6,Pontedeva
32,62,5,Porqueira
32,65,9,Punxin
32,66,2,Quintela de Leirado
32,67,8,Rairiz de Veiga
32,68,4,Ramiras
32,69,7,Ribadavia
32,71,8,Rios
32,72,3,"Rua, A"
32,73,9,Rubia
32,74,4,San Amaro
32,75,7,San Cibrao das Viñas
32,76,0,San Cristovo de Cea
32,70,1,San Xoan de Rio
32,77,6,Sandias
32,78,2,Sarreaus
32,79,5,Taboadela
32,80,9,"Teixeira, A"
32,81,6,Toen
32,82,1,Trasmiras
32,83,7,"Veiga, A"
32,84,2,Verea
32,85,5,Verin
32,86,8,Viana do Bolo
32,87,4,Vilamarin
32,88,0,Vilamartin de Valdeorras
32,89,3,Vilar de Barrio
32,90,7,Vilar de Santos
32,91,4,Vilardevos
32,92,9,Vilariño de Conso
32,32,2,Xinzo de Limia
32,36,9,Xunqueira de Ambia
32,37,5,Xunqueira de Espadanedo
33,1,9,Allande
33,2,4,Aller
33,3,0,Amieva
33,4,5,Aviles
33,5,8,Belmonte de Miranda
33,6,1,Bimenes
33,7,7,Boal
33,8,3,Cabrales
33,9,6,Cabranes
33,10,0,Candamo
33,12,2,Cangas de Onis
33,11,7,Cangas del Narcea
33,13,8,Caravia
33,14,3,Carreño
33,15,6,Caso
33,16,9,Castrillon
33,17,5,Castropol
33,18,1,Coaña
33,19,4,Colunga
33,20,8,Corvera de Asturias
33,21,5,Cudillero
33,22,0,Degaña
33,23,6,"Franco, El"
33,24,1,Gijon
33,25,4,Gozon
33,26,7,Grado
33,27,3,Grandas de Salime
33,28,9,Ibias
33,29,2,Illano
33,30,6,Illas
33,31,3,Langreo
33,32,8,Laviana
33,33,4,Lena
33,35,2,Llanera
33,36,5,Llanes
33,37,1,Mieres
33,38,7,Morcin
33,39,0,Muros de Nalon
33,40,4,Nava
33,41,1,Navia
33,42,6,Noreña
33,43,2,Onis
33,44,7,Oviedo
33,45,0,Parres
33,46,3,Peñamellera Alta
33,47,9,Peñamellera Baja
33,48,5,Pesoz
33,49,8,Piloña
33,50,1,Ponga
33,51,8,Pravia
33,52,3,Proaza
33,53,9,Quiros
33,54,4,"Regueras, Las"
33,55,7,Ribadedeva
33,56,0,Ribadesella
33,57,6,Ribera de Arriba
33,58,2,Riosa
33,59,5,Salas
33,61,6,San Martin de Oscos
33,60,9,San Martin del Rey Aurelio
33,63,7,San Tirso de Abres
33,62,1,Santa Eulalia de Oscos
33,64,2,Santo Adriano
33,65,5,Sariego
33,66,8,Siero
33,67,4,Sobrescobio
33,68,0,Somiedo
33,69,3,Soto del Barco
33,70,7,Tapia de Casariego
33,71,4,Taramundi
33,72,9,Teverga
33,73,5,Tineo
33,34,9,Valdes
33,74,0,Vegadeo
33,75,3,Villanueva de Oscos
33,76,6,Villaviciosa
33,77,2,Villayon
33,78,8,Yernes y Tameza
34,1,4,Abarca de Campos
34,3,5,Abia de las Torres
34,4,0,Aguilar de Campoo
34,5,3,Alar del Rey
34,6,6,Alba de Cerrato
34,9,1,Amayuelas de Arriba
34,10,5,Ampudia
34,11,2,Amusco
34,12,7,Antigüedad
34,15,1,Arconada
34,17,0,Astudillo
34,18,6,Autilla del Pino
34,19,9,Autillo de Campos
34,20,3,Ayuela
34,22,5,Baltanas
34,24,6,Baquerin de Campos
34,25,9,Barcena de Campos
34,27,8,Barruelo de Santullan
34,28,4,Bascones de Ojeda
34,29,7,Becerril de Campos
34,31,8,Belmonte de Campos
34,32,3,Berzosilla
34,33,9,Boada de Campos
34,35,7,Boadilla de Rioseco
34,34,4,Boadilla del Camino
34,36,0,Brañosera
34,37,6,Buenavista de Valdavia
34,38,2,Bustillo de la Vega
34,39,5,Bustillo del Paramo de Carrion
34,41,6,Calahorra de Boedo
34,42,1,Calzada de los Molinos
34,45,5,Capillas
34,46,8,Cardeñosa de Volpejera
34,47,4,Carrion de los Condes
34,48,0,Castil de Vela
34,49,3,Castrejon de la Peña
34,50,6,Castrillo de Don Juan
34,51,3,Castrillo de Onielo
34,52,8,Castrillo de Villavega
34,53,4,Castromocho
34,55,2,Cervatos de la Cueza
34,56,5,Cervera de Pisuerga
34,57,1,Cevico de la Torre
34,58,7,Cevico Navero
34,59,0,Cisneros
34,60,4,Cobos de Cerrato
34,61,1,Collazos de Boedo
34,62,6,Congosto de Valdavia
34,63,2,Cordovilla la Real
34,66,3,Cubillas de Cerrato
34,67,9,Dehesa de Montejo
34,68,5,Dehesa de Romanos
34,69,8,Dueñas
34,70,2,Espinosa de Cerrato
34,71,9,Espinosa de Villagonzalo
34,72,4,Frechilla
34,73,0,Fresno del Rio
34,74,5,Fromista
34,76,1,Fuentes de Nava
34,77,7,Fuentes de Valdepero
34,79,6,Grijota
34,80,0,Guardo
34,81,7,Guaza de Campos
34,82,2,Hermedes de Cerrato
34,83,8,Herrera de Pisuerga
34,84,3,Herrera de Valdecañas
34,86,9,Hontoria de Cerrato
34,87,5,Hornillos de Cerrato
34,88,1,Husillos
34,89,4,Itero de la Vega
34,91,5,Lagartos
34,92,0,Lantadilla
34,94,1,Ledigos
34,903,6,Loma de Ucieza
34,96,7,Lomas
34,98,9,Magaz de Pisuerga
34,99,2,Manquillos
34,100,6,Mantinos
34,101,3,Marcilla de Campos
34,102,8,Mazariegos
34,103,4,Mazuecos de Valdeginate
34,104,9,Melgar de Yuso
34,106,5,Meneses de Campos
34,107,1,Micieces de Ojeda
34,108,7,Monzon de Campos
34,109,0,Moratinos
34,110,4,Muda
34,112,6,Nogal de las Huertas
34,113,2,Olea de Boedo
34,114,7,Olmos de Ojeda
34,116,3,Osornillo
34,901,5,Osorno la Mayor
34,120,2,Palencia
34,121,9,Palenzuela
34,122,4,Paramo de Boedo
34,123,0,Paredes de Nava
34,124,5,Payo de Ojeda
34,125,8,Pedraza de Campos
34,126,1,Pedrosa de la Vega
34,127,7,Perales
34,904,1,"Pernia, La"
34,129,6,Pino del Rio
34,130,0,Piña de Campos
34,131,7,Poblacion de Arroyo
34,132,2,Poblacion de Campos
34,133,8,Poblacion de Cerrato
34,134,3,Polentinos
34,135,6,Pomar de Valdivia
34,136,9,Poza de la Vega
34,137,5,Pozo de Urama
34,139,4,Pradanos de Ojeda
34,140,8,"Puebla de Valdavia, La"
34,141,5,Quintana del Puente
34,143,6,Quintanilla de Onsoña
34,146,7,Reinoso de Cerrato
34,147,3,Renedo de la Vega
34,149,2,Requena de Campos
34,151,2,Respenda de la Peña
34,152,7,Revenga de Campos
34,154,8,Revilla de Collazos
34,155,1,Ribas de Campos
34,156,4,Riberos de la Cueza
34,157,0,Saldaña
34,158,6,Salinas de Pisuerga
34,159,9,San Cebrian de Campos
34,160,3,San Cebrian de Muda
34,161,0,San Cristobal de Boedo
34,163,1,San Mames de Campos
34,165,9,San Roman de la Cuba
34,167,8,Santa Cecilia del Alcor
34,168,4,Santa Cruz de Boedo
34,169,7,Santervas de la Vega
34,170,1,Santibañez de Ecla
34,171,8,Santibañez de la Peña
34,174,4,Santoyo
34,175,7,"Serna, La"
34,177,6,Soto de Cerrato
34,176,0,Sotobañado y Priorato
34,178,2,Tabanera de Cerrato
34,179,5,Tabanera de Valdavia
34,180,9,Tamara de Campos
34,181,6,Tariego de Cerrato
34,182,1,Torquemada
34,184,2,Torremormojon
34,185,5,Triollo
34,186,8,Valbuena de Pisuerga
34,189,3,Valdeolmillos
34,190,7,Valderrabano
34,192,9,Valde-Ucieza
34,196,6,Valle de Cerrato
34,902,0,Valle del Retortillo
34,199,1,Velilla del Rio Carrion
34,23,1,Venta de Baños
34,201,2,Vertavillo
34,93,6,"Vid de Ojeda, La"
34,202,7,Villabasta de Valdavia
34,204,8,Villacidaler
34,205,1,Villaconancio
34,206,4,Villada
34,208,6,Villaeles de Valdavia
34,210,3,Villahan
34,211,0,Villaherreros
34,213,1,Villalaco
34,214,6,Villalba de Guardo
34,215,9,Villalcazar de Sirga
34,216,2,Villalcon
34,217,8,Villalobon
34,218,4,Villaluenga de la Vega
34,220,1,Villamartin de Campos
34,221,8,Villamediana
34,222,3,Villameriel
34,223,9,Villamoronta
34,224,4,Villamuera de la Cueza
34,225,7,Villamuriel de Cerrato
34,227,6,Villanueva del Rebollar
34,228,2,Villanuño de Valdavia
34,229,5,Villaprovedo
34,230,9,Villarmentero de Campos
34,231,6,Villarrabe
34,232,1,Villarramiel
34,233,7,Villasarracino
34,234,2,Villasila de Valdavia
34,236,8,Villaturde
34,237,4,Villaumbrales
34,238,0,Villaviudas
34,240,7,Villerias de Campos
34,241,4,Villodre
34,242,9,Villodrigo
34,243,5,Villoldo
34,245,3,Villota del Paramo
34,246,6,Villovieco
35,1,7,Agaete
35,2,2,Agüimes
35,20,6,"Aldea de San Nicolas, La"
35,3,8,Antigua
35,4,3,Arrecife
35,5,6,Artenara
35,6,9,Arucas
35,7,5,Betancuria
35,8,1,Firgas
35,9,4,Galdar
35,10,8,Haria
35,11,5,Ingenio
35,12,0,Mogan
35,13,6,Moya
35,14,1,"Oliva, La"
35,15,4,Pajara
35,16,7,"Palmas de Gran Canaria, Las"
35,17,3,Puerto del Rosario
35,18,9,San Bartolome
35,19,2,San Bartolome de Tirajana
35,21,3,Santa Brigida
35,22,8,Santa Lucia de Tirajana
35,23,4,Santa Maria de Guia de Gran Canaria
35,24,9,Teguise
35,25,2,Tejeda
35,26,5,Telde
35,27,1,Teror
35,28,7,Tias
35,29,0,Tinajo
35,30,4,Tuineje
35,32,6,Valleseco
35,31,1,Valsequillo de Gran Canaria
35,33,2,Vega de San Mateo
35,34,7,Yaiza
36,20,9,Agolada
36,1,0,Arbo
36,3,1,Baiona
36,2,5,Barro
36,4,6,Bueu
36,5,9,Caldas de Reis
36,6,2,Cambados
36,7,8,Campo Lameiro
36,8,4,Cangas
36,9,7,"Cañiza, A"
36,10,1,Catoira
36,11,8,Cerdedo
36,12,3,Cotobade
36,13,9,Covelo
36,14,4,Crecente
36,15,7,Cuntis
36,16,0,Dozon
36,17,6,"Estrada, A"
36,18,2,Forcarei
36,19,5,Fornelos de Montes
36,21,6,Gondomar
36,22,1,"Grove, O"
36,23,7,"Guarda, A"
36,901,1,"Illa de Arousa, A"
36,24,2,Lalin
36,25,5,"Lama, A"
36,26,8,Marin
36,27,4,Meaño
36,28,0,Meis
36,29,3,Moaña
36,30,7,Mondariz
36,31,4,Mondariz-Balneario
36,32,9,Moraña
36,33,5,Mos
36,34,0,"Neves, As"
36,35,3,Nigran
36,36,6,Oia
36,37,2,Pazos de Borben
36,41,2,Poio
36,43,3,Ponte Caldelas
36,42,7,Ponteareas
36,44,8,Pontecesures
36,38,8,Pontevedra
36,39,1,"Porriño, O"
36,40,5,Portas
36,45,1,Redondela
36,46,4,Ribadumia
36,47,0,Rodeiro
36,48,6,"Rosal, O"
36,49,9,Salceda de Caselas
36,50,2,Salvaterra de Miño
36,51,9,Sanxenxo
36,52,4,Silleda
36,53,0,Soutomaior
36,54,5,Tomiño
36,55,8,Tui
36,56,1,Valga
36,57,7,Vigo
36,59,6,Vila de Cruces
36,58,3,Vilaboa
36,60,0,Vilagarcia de Arousa
36,61,7,Vilanova de Arousa
37,1,6,Abusejo
37,2,1,Agallas
37,3,7,Ahigal de los Aceiteros
37,4,2,Ahigal de Villarino
37,5,5,"Alameda de Gardon, La"
37,6,8,"Alamedilla, La"
37,7,4,Alaraz
37,8,0,Alba de Tormes
37,9,3,Alba de Yeltes
37,10,7,"Alberca, La"
37,11,4,"Albergueria de Argañan, La"
37,12,9,Alconada
37,15,3,Aldea del Obispo
37,13,5,Aldeacipreste
37,14,0,Aldeadavila de la Ribera
37,16,6,Aldealengua
37,17,2,Aldeanueva de Figueroa
37,18,8,Aldeanueva de la Sierra
37,19,1,Aldearrodrigo
37,20,5,Aldearrubia
37,21,2,Aldeaseca de Alba
37,22,7,Aldeaseca de la Frontera
37,23,3,Aldeatejada
37,24,8,Aldeavieja de Tormes
37,25,1,Aldehuela de la Boveda
37,26,4,Aldehuela de Yeltes
37,27,0,Almenara de Tormes
37,28,6,Almendra
37,29,9,Anaya de Alba
37,30,3,Añover de Tormes
37,31,0,Arabayona de Mogica
37,32,5,Arapiles
37,33,1,Arcediano
37,34,6,"Arco, El"
37,35,9,Armenteros
37,37,8,"Atalaya, La"
37,38,4,Babilafuente
37,39,7,Bañobarez
37,40,1,Barbadillo
37,41,8,Barbalos
37,42,3,Barceo
37,44,4,Barruecopardo
37,45,7,"Bastida, La"
37,46,0,Bejar
37,47,6,Beleña
37,49,5,Bermellar
37,50,8,Berrocal de Huebra
37,51,5,Berrocal de Salvatierra
37,52,0,Boada
37,54,1,"Bodon, El"
37,55,4,Bogajo
37,56,7,"Bouza, La"
37,57,3,Boveda del Rio Almar
37,58,9,Brincones
37,59,2,Buenamadre
37,60,6,Buenavista
37,61,3,"Cabaco, El"
37,63,4,"Cabeza de Bejar, La"
37,65,2,Cabeza del Caballo
37,62,8,Cabezabellosa de la Calzada
37,67,1,Cabrerizos
37,68,7,Cabrillas
37,69,0,Calvarrasa de Abajo
37,70,4,Calvarrasa de Arriba
37,71,1,"Calzada de Bejar, La"
37,72,6,Calzada de Don Diego
37,73,2,Calzada de Valdunciel
37,74,7,Campillo de Azaba
37,77,9,"Campo de Peñaranda, El"
37,78,5,Candelario
37,79,8,Canillas de Abajo
37,80,2,Cantagallo
37,81,9,Cantalapiedra
37,82,4,Cantalpino
37,83,0,Cantaracillo
37,85,8,Carbajosa de la Sagrada
37,86,1,Carpio de Azaba
37,87,7,Carrascal de Barregas
37,88,3,Carrascal del Obispo
37,89,6,Casafranca
37,90,0,"Casas del Conde, Las"
37,91,7,Casillas de Flores
37,92,2,Castellanos de Moriscos
37,185,7,Castellanos de Villiquera
37,96,9,Castillejo de Martin Viejo
37,97,5,Castraz
37,98,1,Cepeda
37,99,4,Cereceda de la Sierra
37,100,8,Cerezal de Peñahorcada
37,101,5,Cerralbo
37,102,0,"Cerro, El"
37,103,6,Cespedosa de Tormes
37,114,9,Chagarcia Medianero
37,104,1,Cilleros de la Bastida
37,106,7,Ciperez
37,107,3,Ciudad Rodrigo
37,108,9,Coca de Alba
37,109,2,Colmenar de Montemayor
37,110,6,Cordovilla
37,112,8,Cristobal
37,113,4,"Cubo de Don Sancho, El"
37,115,2,Dios le Guarde
37,116,5,Doñinos de Ledesma
37,117,1,Doñinos de Salamanca
37,118,7,Ejeme
37,119,0,"Encina, La"
37,120,4,Encina de San Silvestre
37,121,1,Encinas de Abajo
37,122,6,Encinas de Arriba
37,123,2,Encinasola de los Comendadores
37,124,7,Endrinal
37,125,0,Escurial de la Sierra
37,126,3,Espadaña
37,127,9,Espeja
37,128,5,Espino de la Orbada
37,129,8,Florida de Liebana
37,130,2,Forfoleda
37,131,9,Frades de la Sierra
37,132,4,"Fregeneda, La"
37,133,0,Fresnedoso
37,134,5,Fresno Alhandiga
37,135,8,"Fuente de San Esteban, La"
37,136,1,Fuenteguinaldo
37,137,7,Fuenteliante
37,138,3,Fuenterroble de Salvatierra
37,139,6,Fuentes de Bejar
37,140,0,Fuentes de Oñoro
37,141,7,Gajates
37,142,2,Galindo y Perahuy
37,143,8,Galinduste
37,144,3,Galisancho
37,145,6,Gallegos de Argañan
37,146,9,Gallegos de Solmiron
37,147,5,Garcibuey
37,148,1,Garcihernandez
37,149,4,Garcirrey
37,150,7,Gejuelo del Barro
37,151,4,Golpejas
37,152,9,Gomecello
37,154,0,Guadramiro
37,155,3,Guijo de Avila
37,156,6,Guijuelo
37,157,2,Herguijuela de Ciudad Rodrigo
37,158,8,Herguijuela de la Sierra
37,159,1,Herguijuela del Campo
37,160,5,Hinojosa de Duero
37,161,2,Horcajo de Montemayor
37,162,7,Horcajo Medianero
37,163,3,"Hoya, La"
37,164,8,Huerta
37,165,1,Iruelos
37,166,4,Ituero de Azaba
37,167,0,Juzbado
37,168,6,Lagunilla
37,169,9,Larrodrigo
37,170,3,Ledesma
37,171,0,Ledrada
37,172,5,Linares de Riofrio
37,173,1,Lumbrales
37,175,9,Machacon
37,174,6,Macotera
37,176,2,Madroñal
37,177,8,"Maillo, El"
37,178,4,Malpartida
37,179,7,Mancera de Abajo
37,180,1,"Manzano, El"
37,181,8,Martiago
37,183,9,Martin de Yeltes
37,182,3,Martinamor
37,184,4,Masueco
37,186,0,"Mata de Ledesma, La"
37,187,6,Matilla de los Caños del Rio
37,188,2,"Maya, La"
37,189,5,Membribe de la Sierra
37,190,9,Mieza
37,191,6,"Milano, El"
37,192,1,Miranda de Azan
37,193,7,Miranda del Castañar
37,194,2,Mogarraz
37,195,5,Molinillo
37,196,8,Monforte de la Sierra
37,197,4,Monleon
37,198,0,Monleras
37,199,3,Monsagro
37,200,7,Montejo
37,201,4,Montemayor del Rio
37,202,9,Monterrubio de Armuña
37,203,5,Monterrubio de la Sierra
37,204,0,Morasverdes
37,205,3,Morille
37,206,6,Moriñigo
37,207,2,Moriscos
37,208,8,Moronta
37,209,1,Mozarbez
37,211,2,Narros de Matalayegua
37,213,3,Nava de Bejar
37,214,8,Nava de Francia
37,215,1,Nava de Sotrobal
37,212,7,Navacarros
37,216,4,Navales
37,217,0,Navalmoral de Bejar
37,218,6,Navamorales
37,219,9,Navarredonda de la Rinconada
37,221,0,Navasfrias
37,222,5,Negrilla de Palencia
37,223,1,Olmedo de Camaces
37,224,6,"Orbada, La"
37,225,9,Pajares de la Laguna
37,226,2,Palacios del Arzobispo
37,228,4,Palaciosrubios
37,229,7,Palencia de Negrilla
37,230,1,Parada de Arriba
37,231,8,Parada de Rubiales
37,232,3,Paradinas de San Juan
37,233,9,Pastores
37,234,4,"Payo, El"
37,235,7,Pedraza de Alba
37,236,0,Pedrosillo de Alba
37,237,6,Pedrosillo de los Aires
37,238,2,Pedrosillo el Ralo
37,239,5,"Pedroso de la Armuña, El"
37,240,9,Pelabravo
37,241,6,Pelarrodriguez
37,242,1,Pelayos
37,243,7,"Peña, La"
37,244,2,Peñacaballera
37,245,5,Peñaparda
37,246,8,Peñaranda de Bracamonte
37,247,4,Peñarandilla
37,248,0,Peralejos de Abajo
37,249,3,Peralejos de Arriba
37,250,6,Pereña de la Ribera
37,251,3,Peromingo
37,252,8,Pinedas
37,253,4,"Pino de Tormes, El"
37,254,9,Pitiegua
37,255,2,Pizarral
37,256,5,Poveda de las Cintas
37,257,1,Pozos de Hinojo
37,258,7,Puebla de Azaba
37,259,0,Puebla de San Medel
37,260,4,Puebla de Yeltes
37,261,1,Puente del Congosto
37,262,6,Puertas
37,263,2,Puerto de Bejar
37,264,7,Puerto Seguro
37,265,0,Ragama
37,266,3,"Redonda, La"
37,267,9,Retortillo
37,268,5,"Rinconada de la Sierra, La"
37,269,8,Robleda
37,270,2,Robliza de Cojos
37,271,9,Rollan
37,272,4,Saelices el Chico
37,273,0,"Sagrada, La"
37,303,4,"Sahugo, El"
37,274,5,Salamanca
37,275,8,Saldeana
37,276,1,Salmoral
37,277,7,Salvatierra de Tormes
37,278,3,San Cristobal de la Cuesta
37,284,3,San Esteban de la Sierra
37,285,6,San Felices de los Gallegos
37,286,9,San Martin del Castañar
37,287,5,San Miguel de Valero
37,36,2,San Miguel del Robledo
37,288,1,San Morales
37,289,4,San Muñoz
37,291,5,San Pedro de Rozados
37,290,8,San Pedro del Valle
37,292,0,San Pelayo de Guareña
37,280,0,Sanchon de la Ribera
37,281,7,Sanchon de la Sagrada
37,282,2,Sanchotello
37,279,6,Sancti-Spiritus
37,283,8,Sando
37,293,6,Santa Maria de Sando
37,294,1,Santa Marta de Tormes
37,296,7,Santiago de la Puebla
37,297,3,Santibañez de Bejar
37,298,9,Santibañez de la Sierra
37,299,2,Santiz
37,300,6,"Santos, Los"
37,301,3,Sardon de los Frailes
37,302,8,Saucelle
37,304,9,Sepulcro-Hilario
37,305,2,Sequeros
37,306,5,Serradilla del Arroyo
37,307,1,Serradilla del Llano
37,309,0,"Sierpe, La"
37,310,4,Sieteiglesias de Tormes
37,311,1,Sobradillo
37,312,6,Sorihuela
37,313,2,Sotoserrano
37,314,7,Tabera de Abajo
37,315,0,"Tala, La"
37,316,3,Tamames
37,317,9,Tarazona de Guareña
37,318,5,Tardaguila
37,319,8,"Tejado, El"
37,320,2,Tejeda y Segoyuela
37,321,9,Tenebron
37,322,4,Terradillos
37,323,0,Topas
37,324,5,Tordillos
37,325,8,"Tornadizo, El"
37,327,7,Torresmenudas
37,328,3,Trabanca
37,329,6,Tremedal de Tormes
37,330,0,Valdecarros
37,331,7,Valdefuentes de Sangusin
37,332,2,Valdehijaderos
37,333,8,Valdelacasa
37,334,3,Valdelageve
37,335,6,Valdelosa
37,336,9,Valdemierque
37,337,5,Valderrodrigo
37,338,1,Valdunciel
37,339,4,Valero
37,343,6,Vallejera de Riofrio
37,340,8,Valsalabroso
37,341,5,Valverde de Valdelacasa
37,342,0,Valverdon
37,344,1,Vecinos
37,345,4,Vega de Tirados
37,346,7,"Veguillas, Las"
37,347,3,"Velles, La"
37,348,9,Ventosa del Rio Almar
37,349,2,"Vidola, La"
37,351,2,Villaflores
37,352,7,Villagonzalo de Tormes
37,353,3,Villalba de los Llanos
37,354,8,Villamayor
37,355,1,Villanueva del Conde
37,356,4,Villar de Argañan
37,357,0,Villar de Ciervo
37,358,6,Villar de Gallimazo
37,359,9,Villar de la Yegua
37,360,3,Villar de Peralonso
37,361,0,Villar de Samaniego
37,362,5,Villares de la Reina
37,363,1,Villares de Yeltes
37,364,6,Villarino de los Aires
37,365,9,Villarmayor
37,366,2,Villarmuerto
37,367,8,Villasbuenas
37,368,4,Villasdardo
37,369,7,Villaseco de los Gamitos
37,370,1,Villaseco de los Reyes
37,371,8,Villasrubias
37,372,3,Villaverde de Guareña
37,373,9,Villavieja de Yeltes
37,374,4,Villoria
37,375,7,Villoruela
37,350,5,Vilvestre
37,376,0,Vitigudino
37,377,6,Yecla de Yeltes
37,378,2,Zamarra
37,379,5,Zamayon
37,380,9,Zarapicos
37,381,6,"Zarza de Pumareda, La"
37,382,1,Zorita de la Frontera
38,1,2,Adeje
38,2,7,Agulo
38,3,3,Alajero
38,4,8,Arafo
38,5,1,Arico
38,6,4,Arona
38,7,0,Barlovento
38,8,6,Breña Alta
38,9,9,Breña Baja
38,10,3,Buenavista del Norte
38,11,0,Candelaria
38,12,5,Fasnia
38,13,1,Frontera
38,14,6,Fuencaliente de la Palma
38,15,9,Garachico
38,16,2,Garafia
38,17,8,Granadilla de Abona
38,18,4,"Guancha, La"
38,19,7,Guia de Isora
38,20,1,Güimar
38,21,8,Hermigua
38,22,3,Icod de los Vinos
38,24,4,"Llanos de Aridane, Los"
38,25,7,"Matanza de Acentejo, La"
38,26,0,"Orotava, La"
38,27,6,"Paso, El"
38,901,3,"Pinar de El Hierro, El"
38,28,2,Puerto de la Cruz
38,29,5,Puntagorda
38,30,9,Puntallana
38,31,6,"Realejos, Los"
38,32,1,"Rosario, El"
38,33,7,San Andres y Sauces
38,23,9,San Cristobal de La Laguna
38,34,2,San Juan de la Rambla
38,35,5,San Miguel de Abona
38,36,8,San Sebastian de la Gomera
38,37,4,Santa Cruz de la Palma
38,38,0,Santa Cruz de Tenerife
38,39,3,Santa Ursula
38,40,7,Santiago del Teide
38,41,4,"Sauzal, El"
38,42,9,"Silos, Los"
38,43,5,Tacoronte
38,44,0,"Tanque, El"
38,45,3,Tazacorte
38,46,6,Tegueste
38,47,2,Tijarafe
38,49,1,Valle Gran Rey
38,50,4,Vallehermoso
38,48,8,Valverde
38,51,1,"Victoria de Acentejo, La"
38,52,6,Vilaflor
38,53,2,Villa de Mazo
39,1,5,Alfoz de Lloredo
39,2,0,Ampuero
39,3,6,Anievas
39,4,1,Arenas de Iguña
39,5,4,Argoños
39,6,7,Arnuero
39,7,3,Arredondo
39,8,9,"Astillero, El"
39,9,2,Barcena de Cicero
39,10,6,Barcena de Pie de Concha
39,11,3,Bareyo
39,12,8,Cabezon de la Sal
39,13,4,Cabezon de Liebana
39,14,9,Cabuerniga
39,15,2,Camaleño
39,16,5,Camargo
39,27,9,Campoo de Enmedio
39,17,1,Campoo de Yuso
39,18,7,Cartes
39,19,0,Castañeda
39,20,4,Castro-Urdiales
39,21,1,Cieza
39,22,6,Cillorigo de Liebana
39,23,2,Colindres
39,24,7,Comillas
39,25,0,"Corrales de Buelna, Los"
39,26,3,Corvera de Toranzo
39,28,5,Entrambasaguas
39,29,8,Escalante
39,30,2,Guriezo
39,31,9,Hazas de Cesto
39,32,4,Hermandad de Campoo de Suso
39,33,0,Herrerias
39,34,5,Lamason
39,35,8,Laredo
39,36,1,Liendo
39,37,7,Lierganes
39,38,3,Limpias
39,39,6,Luena
39,40,0,Marina de Cudeyo
39,41,7,Mazcuerras
39,42,2,Medio Cudeyo
39,43,8,Meruelo
39,44,3,Miengo
39,45,6,Miera
39,46,9,Molledo
39,47,5,Noja
39,48,1,Penagos
39,49,4,Peñarrubia
39,50,7,Pesaguero
39,51,4,Pesquera
39,52,9,Pielagos
39,53,5,Polaciones
39,54,0,Polanco
39,55,3,Potes
39,56,6,Puente Viesgo
39,57,2,Ramales de la Victoria
39,58,8,Rasines
39,59,1,Reinosa
39,60,5,Reocin
39,61,2,Ribamontan al Mar
39,62,7,Ribamontan al Monte
39,63,3,Rionansa
39,64,8,Riotuerto
39,65,1,"Rozas de Valdearroyo, Las"
39,66,4,Ruente
39,67,0,Ruesga
39,68,6,Ruiloba
39,69,9,San Felices de Buelna
39,70,3,San Miguel de Aguayo
39,71,0,San Pedro del Romeral
39,72,5,San Roque de Riomiera
39,80,1,San Vicente de la Barquera
39,73,1,Santa Cruz de Bezana
39,74,6,Santa Maria de Cayon
39,75,9,Santander
39,76,2,Santillana del Mar
39,77,8,Santiurde de Reinosa
39,78,4,Santiurde de Toranzo
39,79,7,Santoña
39,81,8,Saro
39,82,3,Selaya
39,83,9,Soba
39,84,4,Solorzano
39,85,7,Suances
39,86,0,"Tojos, Los"
39,87,6,Torrelavega
39,88,2,Tresviso
39,89,5,Tudanca
39,90,9,Udias
39,95,5,Val de San Vicente
39,91,6,Valdaliga
39,92,1,Valdeolea
39,93,7,Valdeprado del Rio
39,94,2,Valderredible
39,101,4,Valle de Villaverde
39,96,8,Vega de Liebana
39,97,4,Vega de Pas
39,98,0,Villacarriedo
39,99,3,Villaescusa
39,100,7,Villafufre
39,102,9,Voto
40,1,9,Abades
40,2,4,Adrada de Piron
40,3,0,Adrados
40,4,5,Aguilafuente
40,5,8,Alconada de Maderuelo
40,12,2,Aldea Real
40,6,1,Aldealcorvo
40,7,7,Aldealengua de Pedraza
40,8,3,Aldealengua de Santa Maria
40,9,6,Aldeanueva de la Serrezuela
40,10,0,Aldeanueva del Codonal
40,13,8,Aldeasoña
40,14,3,Aldehorno
40,15,6,Aldehuela del Codonal
40,16,9,Aldeonte
40,17,5,Anaya
40,18,1,Añe
40,19,4,Arahuetes
40,20,8,Arcones
40,21,5,Arevalillo de Cega
40,22,0,Armuña
40,24,1,Ayllon
40,25,4,Barbolla
40,26,7,Basardilla
40,28,9,Bercial
40,29,2,Bercimuel
40,30,6,Bernardos
40,31,3,Bernuy de Porreros
40,32,8,Boceguillas
40,33,4,Brieva
40,34,9,Caballar
40,35,2,Cabañas de Polendos
40,36,5,Cabezuela
40,37,1,Calabazas de Fuentidueña
40,39,0,Campo de San Pedro
40,40,4,Cantalejo
40,41,1,Cantimpalos
40,43,2,Carbonero el Mayor
40,44,7,Carrascal del Rio
40,45,0,Casla
40,46,3,Castillejo de Mesleon
40,47,9,Castro de Fuentidueña
40,48,5,Castrojimeno
40,49,8,Castroserna de Abajo
40,51,8,Castroserracin
40,52,3,Cedillo de la Torre
40,53,9,Cerezo de Abajo
40,54,4,Cerezo de Arriba
40,65,5,Chañe
40,55,7,Cilleruelo de San Mames
40,56,0,Cobos de Fuentidueña
40,57,6,Coca
40,58,2,Codorniz
40,59,5,Collado Hermoso
40,60,9,Condado de Castilnovo
40,61,6,Corral de Ayllon
40,902,5,Cozuelos de Fuentidueña
40,62,1,Cubillo
40,63,7,Cuellar
40,905,9,Cuevas de Provanco
40,68,0,Domingo Garcia
40,69,3,Donhierro
40,70,7,Duruelo
40,71,4,Encinas
40,72,9,Encinillas
40,73,5,Escalona del Prado
40,74,0,Escarabajosa de Cabezas
40,75,3,Escobar de Polendos
40,76,6,"Espinar, El"
40,77,2,Espirdo
40,78,8,Fresneda de Cuellar
40,79,1,Fresno de Cantespino
40,80,5,Fresno de la Fuente
40,81,2,Frumales
40,82,7,Fuente de Santa Cruz
40,83,3,Fuente el Olmo de Fuentidueña
40,84,8,Fuente el Olmo de Iscar
40,86,4,Fuentepelayo
40,87,0,Fuentepiñel
40,88,6,Fuenterrebollo
40,89,9,Fuentesauco de Fuentidueña
40,91,0,Fuentesoto
40,92,5,Fuentidueña
40,93,1,Gallegos
40,94,6,Garcillan
40,95,9,Gomezserracin
40,97,8,Grajera
40,99,7,Honrubia de la Cuesta
40,100,1,Hontalbilla
40,101,8,Hontanares de Eresma
40,103,9,"Huertos, Los"
40,104,4,Ituero y Lama
40,105,7,Juarros de Riomoros
40,106,0,Juarros de Voltoya
40,107,6,Labajos
40,108,2,Laguna de Contreras
40,109,5,Languilla
40,110,9,Lastras de Cuellar
40,111,6,Lastras del Pozo
40,112,1,"Lastrilla, La"
40,113,7,"Losa, La"
40,115,5,Maderuelo
40,903,1,Marazoleja
40,118,0,Marazuela
40,119,3,Martin Miguel
40,120,7,Martin Muñoz de la Dehesa
40,121,4,Martin Muñoz de las Posadas
40,122,9,Marugan
40,124,0,Mata de Cuellar
40,123,5,Matabuena
40,125,3,"Matilla, La"
40,126,6,Melque de Cercos
40,127,2,Membibre de la Hoz
40,128,8,Miguelañez
40,129,1,Montejo de Arevalo
40,130,5,Montejo de la Vega de la Serrezuela
40,131,2,Monterrubio
40,132,7,Moral de Hornuez
40,134,8,Mozoncillo
40,135,1,Muñopedro
40,136,4,Muñoveros
40,138,6,Nava de la Asuncion
40,139,9,Navafria
40,140,3,Navalilla
40,141,0,Navalmanzano
40,142,5,Navares de Ayuso
40,143,1,Navares de Enmedio
40,144,6,Navares de las Cuevas
40,145,9,Navas de Oro
40,904,6,Navas de Riofrio
40,146,2,Navas de San Antonio
40,148,4,Nieva
40,149,7,Olombrada
40,150,0,Orejana
40,151,7,Ortigosa de Pestaño
40,901,0,Ortigosa del Monte
40,152,2,Otero de Herreros
40,154,3,Pajarejos
40,155,6,Palazuelos de Eresma
40,156,9,Pedraza
40,157,5,Pelayos del Arroyo
40,158,1,Perosillo
40,159,4,Pinarejos
40,160,8,Pinarnegrillo
40,161,5,Pradales
40,162,0,Pradena
40,163,6,Puebla de Pedraza
40,164,1,Rapariegos
40,181,1,Real Sitio de San Ildefonso
40,165,4,Rebollo
40,166,7,Remondo
40,168,9,Riaguas de San Bartolome
40,170,6,Riaza
40,171,3,Ribota
40,172,8,Riofrio de Riaza
40,173,4,Roda de Eresma
40,174,9,Sacramenia
40,176,5,Samboal
40,177,1,San Cristobal de Cuellar
40,178,7,San Cristobal de la Vega
40,906,2,San Cristobal de Segovia
40,182,6,San Martin y Mudrian
40,183,2,San Miguel de Bernuy
40,184,7,San Pedro de Gaillos
40,179,0,Sanchonuño
40,180,4,Sangarcia
40,185,0,Santa Maria la Real de Nieva
40,186,3,Santa Marta del Cerro
40,188,5,Santiuste de Pedraza
40,189,8,Santiuste de San Juan Bautista
40,190,2,Santo Domingo de Piron
40,191,9,Santo Tome del Puerto
40,192,4,Sauquillo de Cabezas
40,193,0,Sebulcor
40,194,5,Segovia
40,195,8,Sepulveda
40,196,1,Sequera de Fresno
40,198,3,Sotillo
40,199,6,Sotosalbos
40,200,0,Tabanera la Luenga
40,201,7,Tolocirio
40,206,9,Torre Val de San Pedro
40,202,2,Torreadrada
40,203,8,Torrecaballeros
40,204,3,Torrecilla del Pinar
40,205,6,Torreiglesias
40,207,5,Trescasas
40,208,1,Turegano
40,210,8,Urueñas
40,211,5,Valdeprados
40,212,0,Valdevacas de Montejo
40,213,6,Valdevacas y Guijar
40,218,9,Valle de Tabladillo
40,219,2,Vallelado
40,220,6,Valleruela de Pedraza
40,221,3,Valleruela de Sepulveda
40,214,1,Valseca
40,215,4,Valtiendas
40,216,7,Valverde del Majano
40,222,8,Veganzones
40,223,4,Vegas de Matute
40,224,9,Ventosilla y Tejadilla
40,225,2,Villacastin
40,228,7,Villaverde de Iscar
40,229,0,Villaverde de Montejo
40,230,4,Villeguillo
40,231,1,Yanguas de Eresma
40,233,2,Zarzuela del Monte
40,234,7,Zarzuela del Pinar
41,1,6,Aguadulce
41,2,1,Alanis
41,3,7,Albaida del Aljarafe
41,4,2,Alcala de Guadaira
41,5,5,Alcala del Rio
41,6,8,Alcolea del Rio
41,7,4,"Algaba, La"
41,8,0,Algamitas
41,9,3,Almaden de la Plata
41,10,7,Almensilla
41,11,4,Arahal
41,12,9,Aznalcazar
41,13,5,Aznalcollar
41,14,0,Badolatosa
41,15,3,Benacazon
41,16,6,Bollullos de la Mitacion
41,17,2,Bormujos
41,18,8,Brenes
41,19,1,Burguillos
41,20,5,"Cabezas de San Juan, Las"
41,21,2,Camas
41,22,7,"Campana, La"
41,23,3,Cantillana
41,901,7,Cañada Rosal
41,24,8,Carmona
41,25,1,Carrion de los Cespedes
41,26,4,Casariche
41,27,0,Castilblanco de los Arroyos
41,28,6,Castilleja de Guzman
41,29,9,Castilleja de la Cuesta
41,30,3,Castilleja del Campo
41,31,0,"Castillo de las Guardas, El"
41,32,5,Cazalla de la Sierra
41,33,1,Constantina
41,34,6,Coria del Rio
41,35,9,Coripe
41,36,2,"Coronil, El"
41,37,8,"Corrales, Los"
41,903,8,"Cuervo de Sevilla, El"
41,38,4,Dos Hermanas
41,39,7,Ecija
41,40,1,Espartinas
41,41,8,Estepa
41,42,3,Fuentes de Andalucia
41,43,9,"Garrobo, El"
41,44,4,Gelves
41,45,7,Gerena
41,46,0,Gilena
41,47,6,Gines
41,48,2,Guadalcanal
41,49,5,Guillena
41,50,8,Herrera
41,51,5,Huevar del Aljarafe
41,902,2,Isla Mayor
41,52,0,"Lantejuela, La"
41,53,6,Lebrija
41,54,1,Lora de Estepa
41,55,4,Lora del Rio
41,56,7,"Luisiana, La"
41,57,3,"Madroño, El"
41,58,9,Mairena del Alcor
41,59,2,Mairena del Aljarafe
41,60,6,Marchena
41,61,3,Marinaleda
41,62,8,Martin de la Jara
41,63,4,"Molares, Los"
41,64,9,Montellano
41,65,2,Moron de la Frontera
41,66,5,"Navas de la Concepcion, Las"
41,67,1,Olivares
41,68,7,Osuna
41,69,0,"Palacios y Villafranca, Los"
41,70,4,Palomares del Rio
41,71,1,Paradas
41,72,6,Pedrera
41,73,2,"Pedroso, El"
41,74,7,Peñaflor
41,75,0,Pilas
41,76,3,Pruna
41,77,9,"Puebla de Cazalla, La"
41,78,5,"Puebla de los Infantes, La"
41,79,8,"Puebla del Rio, La"
41,80,2,"Real de la Jara, El"
41,81,9,"Rinconada, La"
41,82,4,"Roda de Andalucia, La"
41,83,0,"Ronquillo, El"
41,84,5,"Rubio, El"
41,85,8,Salteras
41,86,1,San Juan de Aznalfarache
41,88,3,San Nicolas del Puerto
41,87,7,Sanlucar la Mayor
41,89,6,Santiponce
41,90,0,"Saucejo, El"
41,91,7,Sevilla
41,92,2,Tocina
41,93,8,Tomares
41,94,3,Umbrete
41,95,6,Utrera
41,96,9,Valencina de la Concepcion
41,97,5,Villamanrique de la Condesa
41,100,8,Villanueva de San Juan
41,98,1,Villanueva del Ariscal
41,99,4,Villanueva del Rio y Minas
41,101,5,Villaverde del Rio
41,102,0,"Viso del Alcor, El"
42,1,1,Abejar
42,3,2,Adradas
42,4,7,Agreda
42,6,3,Alconaba
42,7,9,Alcubilla de Avellaneda
42,8,5,Alcubilla de las Peñas
42,9,8,Aldealafuente
42,10,2,Aldealices
42,11,9,Aldealpozo
42,12,4,Aldealseñor
42,13,0,Aldehuela de Periañez
42,14,5,"Aldehuelas, Las"
42,15,8,Alentisque
42,16,1,Aliud
42,17,7,Almajano
42,18,3,Almaluez
42,19,6,Almarza
42,20,0,Almazan
42,21,7,Almazul
42,22,2,Almenar de Soria
42,23,8,Alpanseque
42,24,3,Arancon
42,25,6,Arcos de Jalon
42,26,9,Arenillas
42,27,5,Arevalo de la Sierra
42,28,1,Ausejo de la Sierra
42,29,4,Baraona
42,30,8,Barca
42,31,5,Barcones
42,32,0,Bayubas de Abajo
42,33,6,Bayubas de Arriba
42,34,1,Beraton
42,35,4,Berlanga de Duero
42,36,7,Blacos
42,37,3,Bliecos
42,38,9,Borjabad
42,39,2,Borobia
42,41,3,Buberos
42,42,8,Buitrago
42,43,4,Burgo de Osma-Ciudad de Osma
42,44,9,Cabrejas del Campo
42,45,2,Cabrejas del Pinar
42,46,5,Calatañazor
42,48,7,Caltojar
42,49,0,Candilichera
42,50,3,Cañamaque
42,51,0,Carabantes
42,52,5,Caracena
42,53,1,Carrascosa de Abajo
42,54,6,Carrascosa de la Sierra
42,55,9,Casarejos
42,56,2,Castilfrio de la Sierra
42,58,4,Castillejo de Robledo
42,57,8,Castilruiz
42,59,7,Centenera de Andaluz
42,60,1,Cerbon
42,61,8,Cidones
42,62,3,Cigudosa
42,63,9,Cihuela
42,64,4,Ciria
42,65,7,Cirujales del Rio
42,68,2,Coscurita
42,69,5,Covaleda
42,70,9,Cubilla
42,71,6,Cubo de la Solana
42,73,7,Cueva de Agreda
42,75,5,Devanos
42,76,8,Deza
42,78,0,Duruelo de la Sierra
42,79,3,Escobosa de Almazan
42,80,7,Espeja de San Marcelino
42,81,4,Espejon
42,82,9,Estepa de San Juan
42,83,5,Frechilla de Almazan
42,84,0,Fresno de Caracena
42,85,3,Fuentearmegil
42,86,6,Fuentecambron
42,87,2,Fuentecantos
42,88,8,Fuentelmonge
42,89,1,Fuentelsaz de Soria
42,90,5,Fuentepinilla
42,92,7,Fuentes de Magaña
42,93,3,Fuentestrun
42,94,8,Garray
42,95,1,Golmayo
42,96,4,Gomara
42,97,0,Gormaz
42,98,6,Herrera de Soria
42,100,3,Hinojosa del Campo
42,103,1,Langa de Duero
42,105,9,Liceras
42,106,2,"Losilla, La"
42,107,8,Magaña
42,108,4,Majan
42,110,1,Matalebreras
42,111,8,Matamala de Almazan
42,113,9,Medinaceli
42,115,7,Miño de Medinaceli
42,116,0,Miño de San Esteban
42,117,6,Molinos de Duero
42,118,2,Momblona
42,119,5,Monteagudo de las Vicarias
42,120,9,Montejo de Tiermes
42,121,6,Montenegro de Cameros
42,123,7,Moron de Almazan
42,124,2,Muriel de la Fuente
42,125,5,Muriel Viejo
42,127,4,Nafria de Ucero
42,128,0,Narros
42,129,3,Navaleno
42,130,7,Nepas
42,131,4,Nolay
42,132,9,Noviercas
42,134,0,Olvega
42,135,3,Oncala
42,139,1,Pinilla del Campo
42,140,5,Portillo de Soria
42,141,2,"Poveda de Soria, La"
42,142,7,Pozalmuro
42,144,8,Quintana Redonda
42,145,1,Quintanas de Gormaz
42,148,6,Quiñoneria
42,149,9,"Rabanos, Los"
42,151,9,Rebollar
42,152,4,Recuerda
42,153,0,Rello
42,154,5,Renieblas
42,155,8,Retortillo de Soria
42,156,1,Reznos
42,157,7,"Riba de Escalote, La"
42,158,3,Rioseco de Soria
42,159,6,Rollamienta
42,160,0,"Royo, El"
42,161,7,Salduero
42,162,2,San Esteban de Gormaz
42,163,8,San Felices
42,164,3,San Leonardo de Yagüe
42,165,6,San Pedro Manrique
42,166,9,Santa Cruz de Yanguas
42,167,5,Santa Maria de Huerta
42,168,1,Santa Maria de las Hoyas
42,171,5,Seron de Nagima
42,172,0,Soliedra
42,173,6,Soria
42,174,1,Sotillo del Rincon
42,175,4,Suellacabras
42,176,7,Tajahuerce
42,177,3,Tajueco
42,178,9,Talveila
42,181,3,Tardelcuende
42,182,8,Taroda
42,183,4,Tejado
42,184,9,Torlengua
42,185,2,Torreblacos
42,187,1,Torrubia de Soria
42,188,7,Trevago
42,189,0,Ucero
42,190,4,Vadillo
42,191,1,Valdeavellano de Tera
42,192,6,Valdegeña
42,193,2,Valdelagua del Cerro
42,194,7,Valdemaluque
42,195,0,Valdenebro
42,196,3,Valdeprado
42,197,9,Valderrodilla
42,198,5,Valtajeros
42,200,2,Velamazan
42,201,9,Velilla de la Sierra
42,202,4,Velilla de los Ajos
42,204,5,Viana de Duero
42,205,8,Villaciervos
42,206,1,Villanueva de Gormaz
42,207,7,Villar del Ala
42,208,3,Villar del Campo
42,209,6,Villar del Rio
42,211,7,"Villares de Soria, Los"
42,212,2,Villasayas
42,213,8,Villaseca de Arciel
42,215,6,Vinuesa
42,216,9,Vizmanos
42,217,5,Vozmediano
42,218,1,Yanguas
42,219,4,Yelo
43,1,7,Aiguamurcia
43,2,2,Albinyana
43,3,8,"Albiol, L'"
43,4,3,Alcanar
43,5,6,Alcover
43,904,4,"Aldea, L'"
43,6,9,Aldover
43,7,5,"Aleixar, L'"
43,8,1,Alfara de Carles
43,9,4,Alforja
43,10,8,Alio
43,11,5,Almoster
43,12,0,Altafulla
43,13,6,"Ametlla de Mar, L'"
43,906,0,"Ampolla, L'"
43,14,1,Amposta
43,16,7,"Arboç, L'"
43,15,4,Arboli
43,17,3,"Argentera, L'"
43,18,9,Arnes
43,19,2,Asco
43,20,6,Banyeres del Penedès
43,21,3,Barberà de la Conca
43,22,8,Batea
43,23,4,Bellmunt del Priorat
43,24,9,Bellvei
43,25,2,Benifallet
43,26,5,Benissanet
43,27,1,"Bisbal de Falset, La"
43,28,7,"Bisbal del Penedès, La"
43,29,0,Blancafort
43,30,4,Bonastre
43,31,1,"Borges del Camp, Les"
43,32,6,Bot
43,33,2,Botarell
43,34,7,Bràfim
43,35,0,Cabaces
43,36,3,Cabra del Camp
43,37,9,Calafell
43,903,9,Camarles
43,38,5,Cambrils
43,907,6,"Canonja, La"
43,39,8,Capafonts
43,40,2,Capçanes
43,41,9,Caseres
43,42,4,Castellvell del Camp
43,43,0,"Catllar, El"
43,45,8,Colldejou
43,46,1,Conesa
43,47,7,Constanti
43,48,3,Corbera d'Ebre
43,49,6,Cornudella de Montsant
43,50,9,Creixell
43,51,6,Cunit
43,901,8,Deltebre
43,53,7,Duesaigües
43,54,2,"Espluga de Francoli, L'"
43,55,5,Falset
43,56,8,"Fatarella, La"
43,57,4,"Febro, La"
43,58,0,"Figuera, La"
43,59,3,Figuerola del Camp
43,60,7,Flix
43,61,4,Forès
43,62,9,Freginals
43,63,5,"Galera, La"
43,64,0,Gandesa
43,65,3,Garcia
43,66,6,"Garidells, Els"
43,67,2,Ginestar
43,68,8,Godall
43,69,1,Gratallops
43,70,5,"Guiamets, Els"
43,71,2,Horta de Sant Joan
43,72,7,"Lloar, El"
43,73,3,Llorac
43,74,8,Llorenç del Penedès
43,76,4,Marçà
43,75,1,Margalef
43,77,0,Mas de Barberans
43,78,6,Masdenverge
43,79,9,Masllorenç
43,80,3,"Maso, La"
43,81,0,Maspujols
43,82,5,"Masroig, El"
43,83,1,"Milà, El"
43,84,6,Miravet
43,85,9,"Molar, El"
43,86,2,Montblanc
43,88,4,Montbrio del Camp
43,89,7,Montferri
43,90,1,"Montmell, El"
43,91,8,Mont-ral
43,92,3,Mont-roig del Camp
43,93,9,Mora d'Ebre
43,94,4,Mora la Nova
43,95,7,"Morell, El"
43,96,0,"Morera de Montsant, La"
43,97,6,"Nou de Gaià, La"
43,98,2,Nulles
43,100,9,"Pallaresos, Els"
43,99,5,"Palma d'Ebre, La"
43,101,6,Passanant i Belltall
43,102,1,Paüls
43,103,7,Perafort
43,104,2,"Perello, El"
43,105,5,"Piles, Les"
43,106,8,"Pinell de Brai, El"
43,107,4,Pira
43,108,0,"Pla de Santa Maria, El"
43,109,3,"Pobla de Mafumet, La"
43,110,7,"Pobla de Massaluca, La"
43,111,4,"Pobla de Montornès, La"
43,112,9,Poboleda
43,113,5,"Pont d'Armentera, El"
43,141,8,Pontils
43,114,0,Porrera
43,115,3,Pradell de la Teixeta
43,116,6,Prades
43,117,2,Prat de Comte
43,118,8,Pratdip
43,119,1,Puigpelat
43,120,5,Querol
43,121,2,Rasquera
43,122,7,Renau
43,123,3,Reus
43,124,8,"Riba, La"
43,125,1,Riba-roja d'Ebre
43,126,4,"Riera de Gaià, La"
43,127,0,Riudecanyes
43,128,6,Riudecols
43,129,9,Riudoms
43,130,3,Rocafort de Queralt
43,131,0,Roda de Barà
43,132,5,Rodonyà
43,133,1,Roquetes
43,134,6,"Rourell, El"
43,135,9,Salomo
43,905,7,Salou
43,136,2,Sant Carles de la Ràpita
43,137,8,Sant Jaume dels Domenys
43,902,3,Sant Jaume d'Enveja
43,138,4,Santa Bàrbara
43,139,7,Santa Coloma de Queralt
43,140,1,Santa Oliva
43,142,3,Sarral
43,143,9,Savallà del Comtat
43,144,4,"Secuita, La"
43,145,7,"Selva del Camp, La"
43,146,0,Senan
43,44,5,"Senia, La"
43,147,6,Solivella
43,148,2,Tarragona
43,149,5,Tivenys
43,150,8,Tivissa
43,151,5,"Torre de Fontaubella, La"
43,152,0,"Torre de l'Espanyol, La"
43,153,6,Torredembarra
43,154,1,Torroja del Priorat
43,155,4,Tortosa
43,156,7,Ulldecona
43,157,3,Ulldemolins
43,158,9,Vallclara
43,159,2,Vallfogona de Riucorb
43,160,6,Vallmoll
43,161,3,Valls
43,162,8,Vandellòs i l'Hospitalet de l'Infant
43,163,4,"Vendrell, El"
43,164,9,Vespella de Gaià
43,165,2,Vilabella
43,175,0,Vilalba dels Arcs
43,166,5,Vilallonga del Camp
43,168,7,Vilanova de Prades
43,167,1,Vilanova d'Escornalbou
43,169,0,Vilaplana
43,170,4,Vila-rodona
43,171,1,Vila-seca
43,172,6,Vilaverd
43,173,2,"Vilella Alta, La"
43,174,7,"Vilella Baixa, La"
43,176,3,Vimbodi i Poblet
43,177,9,Vinebre
43,178,5,Vinyols i els Arcs
43,52,1,Xerta
44,1,2,Ababuj
44,2,7,Abejuela
44,3,3,Aguaton
44,4,8,Aguaviva
44,5,1,Aguilar del Alfambra
44,6,4,Alacon
44,7,0,Alba
44,8,6,Albalate del Arzobispo
44,9,9,Albarracin
44,10,3,Albentosa
44,11,0,Alcaine
44,12,5,Alcala de la Selva
44,13,1,Alcañiz
44,14,6,Alcorisa
44,16,2,Alfambra
44,17,8,Aliaga
44,21,8,Allepuz
44,22,3,Alloza
44,23,9,Allueva
44,18,4,Almohaja
44,19,7,Alobras
44,20,1,Alpeñes
44,24,4,Anadon
44,25,7,Andorra
44,26,0,Arcos de las Salinas
44,27,6,Arens de Lledo
44,28,2,Argente
44,29,5,Ariño
44,31,6,Azaila
44,32,1,Badenas
44,33,7,Baguena
44,34,2,Bañon
44,35,5,Barrachina
44,36,8,Bea
44,37,4,Beceite
44,39,3,Bello
44,38,0,Belmonte de San Jose
44,40,7,Berge
44,41,4,Bezas
44,42,9,Blancas
44,43,5,Blesa
44,44,0,Bordon
44,45,3,Bronchales
44,46,6,Bueña
44,47,2,Burbaguena
44,48,8,Cabra de Mora
44,49,1,Calaceite
44,50,4,Calamocha
44,51,1,Calanda
44,52,6,Calomarde
44,53,2,Camañas
44,54,7,Camarena de la Sierra
44,55,0,Camarillas
44,56,3,Caminreal
44,59,8,Cantavieja
44,60,2,Cañada de Benatanduz
44,61,9,"Cañada de Verich, La"
44,62,4,Cañada Vellida
44,63,0,Cañizar del Olivar
44,64,5,Cascante del Rio
44,65,8,Castejon de Tornos
44,66,1,Castel de Cabra
44,70,0,"Castellar, El"
44,71,7,Castellote
44,67,7,Castelnou
44,68,3,Castelseras
44,74,3,Cedrillas
44,75,6,Celadas
44,76,9,Cella
44,77,5,"Cerollera, La"
44,80,8,"Codoñera, La"
44,82,0,Corbalan
44,84,1,Cortes de Aragon
44,85,4,Cosa
44,86,7,Cretas
44,87,3,Crivillen
44,88,9,"Cuba, La"
44,89,2,Cubla
44,90,6,Cucalon
44,92,8,"Cuervo, El"
44,93,4,Cuevas de Almuden
44,94,9,Cuevas Labradas
44,96,5,Ejulve
44,97,1,Escorihuela
44,99,0,Escucha
44,100,4,Estercuel
44,101,1,Ferreruela de Huerva
44,102,6,Fonfria
44,103,2,Formiche Alto
44,105,0,Fornoles
44,106,3,Fortanete
44,107,9,Foz-Calanda
44,108,5,"Fresneda, La"
44,109,8,Frias de Albarracin
44,110,2,Fuenferrada
44,111,9,Fuentes Calientes
44,112,4,Fuentes Claras
44,113,0,Fuentes de Rubielos
44,114,5,Fuentespalda
44,115,8,Galve
44,116,1,Gargallo
44,117,7,Gea de Albarracin
44,118,3,"Ginebrosa, La"
44,119,6,Griegos
44,120,0,Guadalaviar
44,121,7,Gudar
44,122,2,Hijar
44,123,8,Hinojosa de Jarque
44,124,3,"Hoz de la Vieja, La"
44,125,6,Huesa del Comun
44,126,9,"Iglesuela del Cid, La"
44,127,5,Jabaloyas
44,128,1,Jarque de la Val
44,129,4,Jatiel
44,130,8,Jorcas
44,131,5,Josa
44,132,0,Lagueruela
44,133,6,Lanzuela
44,135,4,Libros
44,136,7,Lidon
44,137,3,Linares de Mora
44,141,3,Lledo
44,138,9,Loscos
44,142,8,Maicas
44,143,4,Manzanera
44,144,9,Martin del Rio
44,145,2,Mas de las Matas
44,146,5,"Mata de los Olmos, La"
44,147,1,Mazaleon
44,148,7,Mezquita de Jarque
44,149,0,Mirambel
44,150,3,Miravete de la Sierra
44,151,0,Molinos
44,152,5,Monforte de Moyuela
44,153,1,Monreal del Campo
44,154,6,Monroyo
44,155,9,Montalban
44,156,2,Monteagudo del Castillo
44,157,8,Monterde de Albarracin
44,158,4,Mora de Rubielos
44,159,7,Moscardon
44,160,1,Mosqueruela
44,161,8,Muniesa
44,163,9,Noguera de Albarracin
44,164,4,Nogueras
44,165,7,Nogueruelas
44,167,6,Obon
44,168,2,Odon
44,169,5,Ojos Negros
44,171,6,Olba
44,172,1,Oliete
44,173,7,"Olmos, Los"
44,174,2,Orihuela del Tremedal
44,175,5,Orrios
44,176,8,Palomar de Arroyos
44,177,4,Pancrudo
44,178,0,"Parras de Castellote, Las"
44,179,3,Peñarroya de Tastavins
44,180,7,Peracense
44,181,4,Peralejos
44,182,9,Perales del Alfambra
44,183,5,Pitarque
44,184,0,Plou
44,185,3,"Pobo, El"
44,187,2,"Portellada, La"
44,189,1,Pozondon
44,190,5,Pozuel del Campo
44,191,2,"Puebla de Hijar, La"
44,192,7,"Puebla de Valverde, La"
44,193,3,Puertomingalvo
44,194,8,Rafales
44,195,1,Rillo
44,196,4,Riodeva
44,197,0,Rodenas
44,198,6,Royuela
44,199,9,Rubiales
44,200,3,Rubielos de la Cerida
44,201,0,Rubielos de Mora
44,203,1,Salcedillo
44,204,6,Saldon
44,205,9,Samper de Calanda
44,206,2,San Agustin
44,207,8,San Martin del Rio
44,208,4,Santa Cruz de Nogueras
44,209,7,Santa Eulalia
44,210,1,Sarrion
44,211,8,Segura de los Baños
44,212,3,Seno
44,213,9,Singra
44,215,7,Terriente
44,216,0,Teruel
44,217,6,Toril y Masegoso
44,218,2,Tormon
44,219,5,Tornos
44,220,9,Torralba de los Sisones
44,223,7,Torre de Arcas
44,224,2,Torre de las Arcas
44,225,5,Torre del Compte
44,227,4,Torre los Negros
44,221,6,Torrecilla de Alcañiz
44,222,1,Torrecilla del Rebollar
44,226,8,Torrelacarcel
44,228,0,Torremocha de Jiloca
44,229,3,Torres de Albarracin
44,230,7,Torrevelilla
44,231,4,Torrijas
44,232,9,Torrijo del Campo
44,234,0,Tramacastiel
44,235,3,Tramacastilla
44,236,6,Tronchon
44,237,2,Urrea de Gaen
44,238,8,Utrillas
44,239,1,Valacloche
44,240,5,Valbona
44,241,2,Valdealgorfa
44,243,3,Valdecuenca
44,244,8,Valdelinares
44,245,1,Valdeltormo
44,246,4,Valderrobres
44,247,0,Valjunquera
44,249,9,"Vallecillo, El"
44,250,2,Veguillas de la Sierra
44,251,9,Villafranca del Campo
44,252,4,Villahermosa del Campo
44,256,1,Villanueva del Rebollar de la Sierra
44,257,7,Villar del Cobo
44,258,3,Villar del Salz
44,260,0,Villarluengo
44,261,7,Villarquemado
44,262,2,Villarroya de los Pinares
44,263,8,Villastar
44,264,3,Villel
44,265,6,Vinaceite
44,266,9,Visiedo
44,267,5,Vivel del Rio Martin
44,268,1,"Zoma, La"
45,1,5,Ajofrin
45,2,0,Alameda de la Sagra
45,3,6,Albarreal de Tajo
45,4,1,Alcabon
45,5,4,Alcañizo
45,6,7,Alcaudete de la Jara
45,7,3,Alcolea de Tajo
45,8,9,Aldea en Cabo
45,9,2,Aldeanueva de Barbarroya
45,10,6,Aldeanueva de San Bartolome
45,11,3,Almendral de la Cañada
45,12,8,Almonacid de Toledo
45,13,4,Almorox
45,14,9,Añover de Tajo
45,15,2,Arcicollar
45,16,5,Arges
45,17,1,Azutan
45,18,7,Barcience
45,19,0,Bargas
45,20,4,Belvis de la Jara
45,21,1,Borox
45,22,6,Buenaventura
45,23,2,Burguillos de Toledo
45,24,7,Burujon
45,25,0,Cabañas de la Sagra
45,26,3,Cabañas de Yepes
45,27,9,Cabezamesada
45,28,5,Calera y Chozas
45,29,8,Caleruela
45,30,2,Calzada de Oropesa
45,31,9,Camarena
45,32,4,Camarenilla
45,33,0,"Campillo de la Jara, El"
45,34,5,Camuñas
45,35,8,Cardiel de los Montes
45,36,1,Carmena
45,37,7,"Carpio de Tajo, El"
45,38,3,Carranque
45,39,6,Carriches
45,40,0,"Casar de Escalona, El"
45,41,7,Casarrubios del Monte
45,42,2,Casasbuenas
45,43,8,Castillo de Bayuela
45,45,6,Cazalegas
45,46,9,Cebolla
45,47,5,Cedillo del Condado
45,48,1,"Cerralbos, Los"
45,49,4,Cervera de los Montes
45,56,6,Chozas de Canales
45,57,2,Chueca
45,50,7,Ciruelos
45,51,4,Cobeja
45,52,9,Cobisa
45,53,5,Consuegra
45,54,0,Corral de Almaguer
45,55,3,Cuerva
45,58,8,Domingo Perez
45,59,1,Dosbarrios
45,60,5,Erustes
45,61,2,Escalona
45,62,7,Escalonilla
45,63,3,Espinoso del Rey
45,64,8,Esquivias
45,65,1,"Estrella, La"
45,66,4,Fuensalida
45,67,0,Galvez
45,68,6,Garciotum
45,69,9,Gerindote
45,70,3,Guadamur
45,71,0,"Guardia, La"
45,72,5,"Herencias, Las"
45,73,1,Herreruela de Oropesa
45,74,6,Hinojosa de San Vicente
45,75,9,Hontanar
45,76,2,Hormigos
45,77,8,Huecas
45,78,4,Huerta de Valdecarabanos
45,79,7,"Iglesuela, La"
45,80,1,Illan de Vacas
45,81,8,Illescas
45,82,3,Lagartera
45,83,9,Layos
45,84,4,Lillo
45,85,7,Lominchar
45,86,0,Lucillos
45,87,6,Madridejos
45,88,2,Magan
45,89,5,Malpica de Tajo
45,90,9,Manzaneque
45,91,6,Maqueda
45,92,1,Marjaliza
45,93,7,Marrupe
45,94,2,Mascaraque
45,95,5,"Mata, La"
45,96,8,Mazarambroz
45,97,4,Mejorada
45,98,0,Menasalbas
45,99,3,Mentrida
45,100,7,Mesegar de Tajo
45,101,4,Miguel Esteban
45,102,9,Mocejon
45,103,5,Mohedas de la Jara
45,104,0,Montearagon
45,105,3,Montesclaros
45,106,6,Mora
45,107,2,Nambroca
45,108,8,"Nava de Ricomalillo, La"
45,109,1,Navahermosa
45,110,5,Navalcan
45,111,2,Navalmoralejo
45,112,7,"Navalmorales, Los"
45,113,3,"Navalucillos, Los"
45,114,8,Navamorcuende
45,115,1,Noblejas
45,116,4,Noez
45,117,0,Nombela
45,118,6,Noves
45,119,9,Numancia de la Sagra
45,120,3,Nuño Gomez
45,121,0,Ocaña
45,122,5,Olias del Rey
45,123,1,Ontigola
45,124,6,Orgaz
45,125,9,Oropesa
45,126,2,Otero
45,127,8,Palomeque
45,128,4,Pantoja
45,129,7,Paredes de Escalona
45,130,1,Parrillas
45,131,8,Pelahustan
45,132,3,Pepino
45,133,9,Polan
45,134,4,Portillo de Toledo
45,135,7,"Puebla de Almoradiel, La"
45,136,0,"Puebla de Montalban, La"
45,137,6,"Pueblanueva, La"
45,138,2,"Puente del Arzobispo, El"
45,139,5,Puerto de San Vicente
45,140,9,Pulgar
45,141,6,Quero
45,142,1,Quintanar de la Orden
45,143,7,Quismondo
45,144,2,"Real de San Vicente, El"
45,145,5,Recas
45,146,8,Retamoso de la Jara
45,147,4,Rielves
45,148,0,Robledo del Mazo
45,149,3,"Romeral, El"
45,150,6,San Bartolome de las Abiertas
45,151,3,San Martin de Montalban
45,152,8,San Martin de Pusa
45,153,4,San Pablo de los Montes
45,154,9,San Roman de los Montes
45,155,2,Santa Ana de Pusa
45,156,5,Santa Cruz de la Zarza
45,157,1,Santa Cruz del Retamar
45,158,7,Santa Olalla
45,901,6,Santo Domingo-Caudilla
45,159,0,Sartajada
45,160,4,Segurilla
45,161,1,Seseña
45,162,6,Sevilleja de la Jara
45,163,2,Sonseca
45,164,7,Sotillo de las Palomas
45,165,0,Talavera de la Reina
45,166,3,Tembleque
45,167,9,"Toboso, El"
45,168,5,Toledo
45,169,8,Torralba de Oropesa
45,171,9,"Torre de Esteban Hambran, La"
45,170,2,Torrecilla de la Jara
45,172,4,Torrico
45,173,0,Torrijos
45,174,5,Totanes
45,175,8,Turleque
45,176,1,Ugena
45,177,7,Urda
45,179,6,Valdeverdeja
45,180,0,Valmojado
45,181,7,Velada
45,182,2,"Ventas con Peña Aguilera, Las"
45,183,8,"Ventas de Retamosa, Las"
45,184,3,"Ventas de San Julian, Las"
45,186,9,"Villa de Don Fadrique, La"
45,185,6,Villacañas
45,187,5,Villafranca de los Caballeros
45,188,1,Villaluenga de la Sagra
45,189,4,Villamiel de Toledo
45,190,8,Villaminaya
45,191,5,Villamuelas
45,192,0,Villanueva de Alcardete
45,193,6,Villanueva de Bogas
45,194,1,Villarejo de Montalban
45,195,4,Villarrubia de Santiago
45,196,7,Villaseca de la Sagra
45,197,3,Villasequilla
45,198,9,Villatobas
45,199,2,"Viso de San Juan, El"
45,200,6,"Yebenes, Los"
45,201,3,Yeles
45,202,8,Yepes
45,203,4,Yuncler
45,204,9,Yunclillos
45,205,2,Yuncos
46,1,8,Ademuz
46,2,3,Ador
46,4,4,Agullent
46,42,5,Aielo de Malferit
46,43,1,Aielo de Rugat
46,5,7,Alaquàs
46,6,0,Albaida
46,7,6,Albal
46,8,2,Albalat de la Ribera
46,9,5,Albalat dels Sorells
46,10,9,Albalat dels Tarongers
46,11,6,Alberic
46,12,1,Alborache
46,13,7,Alboraya
46,14,2,Albuixech
46,16,8,Alcàntera de Xuquer
46,15,5,Alcàsser
46,18,0,Alcublas
46,19,3,"Alcudia, l'"
46,20,7,"Alcudia de Crespins, l'"
46,21,4,Aldaia
46,22,9,Alfafar
46,24,0,Alfara de la Baronia
46,25,3,Alfara del Patriarca
46,26,6,Alfarp
46,27,2,Alfarrasi
46,23,5,Alfauir
46,28,8,Algar de Palancia
46,29,1,Algemesi
46,30,5,Algimia de Alfara
46,31,2,Alginet
46,32,7,Almàssera
46,33,3,Almiserà
46,34,8,Almoines
46,35,1,Almussafes
46,36,4,Alpuente
46,37,0,"Alqueria de la Comtessa, l'"
46,17,4,Alzira
46,38,6,Andilla
46,39,9,Anna
46,40,3,Antella
46,41,0,Aras de los Olmos
46,3,9,Atzeneta d'Albaida
46,44,6,Ayora
46,46,2,Barx
46,45,9,Barxeta
46,47,8,Bèlgida
46,48,4,Bellreguard
46,49,7,Bellus
46,50,0,Benageber
46,51,7,Benaguasil
46,52,2,Benavites
46,53,8,Beneixida
46,54,3,Benetusser
46,55,6,Beniarjo
46,56,9,Beniatjar
46,57,5,Benicolet
46,904,5,Benicull de Xuquer
46,60,8,Benifaio
46,59,4,Benifairo de la Valldigna
46,58,1,Benifairo de les Valls
46,61,5,Benifla
46,62,0,Beniganim
46,63,6,Benimodo
46,64,1,Benimuslem
46,65,4,Beniparrell
46,66,7,Benirredrà
46,67,3,Benisano
46,68,9,Benissoda
46,69,2,Benisuera
46,70,6,Betera
46,71,3,Bicorp
46,72,8,Bocairent
46,73,4,Bolbaite
46,74,9,Bonrepòs i Mirambell
46,75,2,Bufali
46,76,5,Bugarra
46,77,1,Buñol
46,78,7,Burjassot
46,79,0,Calles
46,80,4,Camporrobles
46,81,1,Canals
46,82,6,Canet d'En Berenguer
46,83,2,Carcaixent
46,84,7,Càrcer
46,85,0,Carlet
46,86,3,Carricola
46,87,9,Casas Altas
46,88,5,Casas Bajas
46,89,8,Casinos
46,90,2,Castello de Rugat
46,91,9,Castellonet de la Conquesta
46,92,4,Castielfabib
46,93,0,Catadau
46,94,5,Catarroja
46,95,8,Caudete de las Fuentes
46,96,1,Cerdà
46,107,5,Chella
46,106,9,Chelva
46,108,1,Chera
46,109,4,Cheste
46,111,5,Chiva
46,112,0,Chulilla
46,97,7,Cofrentes
46,98,3,Corbera
46,99,6,Cortes de Pallas
46,100,0,Cotes
46,105,6,Cullera
46,113,6,Daimus
46,114,1,Domeño
46,115,4,Dos Aguas
46,116,7,"Eliana, l'"
46,117,3,Emperador
46,118,9,Enguera
46,119,2,"Ènova, l'"
46,120,6,Estivella
46,121,3,Estubeny
46,122,8,Faura
46,123,4,Favara
46,126,5,Foios
46,128,7,"Font de la Figuera, la"
46,127,1,"Font d'En Carròs, la"
46,124,9,Fontanars dels Alforins
46,125,2,Fortaleny
46,129,0,Fuenterrobles
46,131,1,Gandia
46,902,4,Gatova
46,130,4,Gavarda
46,132,6,Genoves
46,133,2,Gestalgar
46,134,7,Gilet
46,135,0,Godella
46,136,3,Godelleta
46,137,9,"Granja de la Costera, la"
46,138,5,Guadasequies
46,139,8,Guadassuar
46,140,2,Guardamar de la Safor
46,141,9,Higueruelas
46,142,4,Jalance
46,144,5,Jarafuel
46,154,2,Llanera de Ranes
46,155,5,Llauri
46,147,7,Lliria
46,152,1,Llocnou de la Corona
46,153,7,Llocnou de Sant Jeroni
46,151,6,Llocnou d'En Fenollet
46,156,8,Llombai
46,157,4,"Llosa de Ranes, la"
46,150,9,Llutxent
46,148,3,Loriguilla
46,149,6,Losa del Obispo
46,158,0,Macastre
46,159,3,Manises
46,160,7,Manuel
46,161,4,Marines
46,162,9,Massalaves
46,163,5,Massalfassar
46,164,0,Massamagrell
46,165,3,Massanassa
46,166,6,Meliana
46,167,2,Millares
46,168,8,Miramar
46,169,1,Mislata
46,170,5,Mogente/Moixent
46,171,2,Moncada
46,173,3,Montaverner
46,174,8,Montesa
46,175,1,Montitxelvo/Montichelvo
46,176,4,Montroy
46,172,7,Montserrat
46,177,0,Museros
46,178,6,Naquera
46,179,9,Navarres
46,180,3,Novele/Novetlè
46,181,0,Oliva
46,183,1,"Olleria, l'"
46,182,5,Olocau
46,184,6,Ontinyent
46,185,9,Otos
46,186,2,Paiporta
46,187,8,Palma de Gandia
46,188,4,Palmera
46,189,7,"Palomar, el"
46,190,1,Paterna
46,191,8,Pedralba
46,192,3,Petres
46,193,9,Picanya
46,194,4,Picassent
46,195,7,Piles
46,196,0,Pinet
46,199,5,"Pobla de Farnals, la"
46,202,1,"Pobla de Vallbona, la"
46,200,9,"Pobla del Duc, la"
46,203,7,"Pobla Llarga, la"
46,197,6,Polinyà de Xuquer
46,198,2,Potries
46,205,5,Puçol
46,201,6,Puebla de San Miguel
46,204,2,Puig
46,101,7,Quart de les Valls
46,102,2,Quart de Poblet
46,103,8,Quartell
46,104,3,Quatretonda
46,206,8,Quesa
46,207,4,Rafelbuñol/Rafelbunyol
46,208,0,Rafelcofer
46,209,3,Rafelguaraf
46,210,7,Rafol de Salem
46,212,9,Real
46,211,4,Real de Gandia
46,213,5,Requena
46,214,0,Riba-roja de Turia
46,215,3,Riola
46,216,6,Rocafort
46,217,2,Rotglà i Corberà
46,218,8,Rotova
46,219,1,Rugat
46,220,5,Sagunto/Sagunt
46,221,2,Salem
46,903,0,San Antonio de Benageber
46,222,7,Sant Joanet
46,223,3,Sedavi
46,224,8,Segart
46,225,1,Sellent
46,226,4,Sempere
46,227,0,Senyera
46,228,6,Serra
46,229,9,Siete Aguas
46,230,3,Silla
46,231,0,Simat de la Valldigna
46,232,5,Sinarcas
46,233,1,Sollana
46,234,6,Sot de Chera
46,235,9,Sueca
46,236,2,Sumacàrcer
46,237,8,Tavernes Blanques
46,238,4,Tavernes de la Valldigna
46,239,7,Teresa de Cofrentes
46,240,1,Terrateig
46,241,8,Titaguas
46,242,3,Torrebaja
46,243,9,Torrella
46,244,4,Torrent
46,245,7,Torres Torres
46,246,0,Tous
46,247,6,Tuejar
46,248,2,Turis
46,249,5,Utiel
46,250,8,Valencia
46,251,5,Vallada
46,252,0,Vallanca
46,253,6,Valles
46,254,1,Venta del Moro
46,256,7,Vilamarxant
46,255,4,Villalonga
46,257,3,Villanueva de Castellon
46,258,9,Villar del Arzobispo
46,259,2,Villargordo del Cabriel
46,260,6,Vinalesa
46,145,8,Xàtiva
46,143,0,Xeraco
46,146,1,Xeresa
46,110,8,Xirivella
46,261,3,Yatova
46,262,8,"Yesa, La"
46,263,4,Zarra
47,1,4,Adalia
47,2,9,Aguasal
47,3,5,Aguilar de Campos
47,4,0,Alaejos
47,5,3,Alcazaren
47,6,6,Aldea de San Miguel
47,7,2,Aldeamayor de San Martin
47,8,8,Almenara de Adaja
47,9,1,Amusquillo
47,10,5,Arroyo de la Encomienda
47,11,2,Ataquines
47,12,7,Bahabon
47,13,3,Barcial de la Loma
47,14,8,Barruelo del Valle
47,15,1,Becilla de Valderaduey
47,16,4,Benafarces
47,17,0,Bercero
47,18,6,Berceruelo
47,19,9,Berrueces
47,20,3,Bobadilla del Campo
47,21,0,Bocigas
47,22,5,Bocos de Duero
47,23,1,Boecillo
47,24,6,Bolaños de Campos
47,25,9,Brahojos de Medina
47,26,2,Bustillo de Chaves
47,27,8,Cabezon de Pisuerga
47,28,4,Cabezon de Valderaduey
47,29,7,Cabreros del Monte
47,30,1,Campaspero
47,31,8,"Campillo, El"
47,32,3,Camporredondo
47,33,9,Canalejas de Peñafiel
47,34,4,Canillas de Esgueva
47,35,7,Carpio
47,36,0,Casasola de Arion
47,37,6,Castrejon de Trabancos
47,38,2,Castrillo de Duero
47,39,5,Castrillo-Tejeriego
47,40,9,Castrobol
47,41,6,Castrodeza
47,42,1,Castromembibre
47,43,7,Castromonte
47,44,2,Castronuevo de Esgueva
47,45,5,Castronuño
47,46,8,Castroponce
47,47,4,Castroverde de Cerrato
47,48,0,Ceinos de Campos
47,49,3,Cervillego de la Cruz
47,50,6,Cigales
47,51,3,Ciguñuela
47,52,8,Cisterniga
47,53,4,Cogeces de Iscar
47,54,9,Cogeces del Monte
47,55,2,Corcos
47,56,5,Corrales de Duero
47,57,1,Cubillas de Santa Marta
47,58,7,Cuenca de Campos
47,59,0,Curiel de Duero
47,60,4,Encinas de Esgueva
47,61,1,Esguevillas de Esgueva
47,62,6,Fombellida
47,63,2,Fompedraza
47,64,7,Fontihoyuelo
47,65,0,Fresno el Viejo
47,66,3,Fuensaldaña
47,67,9,Fuente el Sol
47,68,5,Fuente-Olmedo
47,69,8,Gallegos de Hornija
47,70,2,Gaton de Campos
47,71,9,Geria
47,73,0,Herrin de Campos
47,74,5,Hornillos de Eresma
47,75,8,Iscar
47,76,1,Laguna de Duero
47,77,7,Langayo
47,79,6,Llano de Olmedo
47,78,3,Lomoviejo
47,80,0,Manzanillo
47,81,7,Marzales
47,82,2,Matapozuelos
47,83,8,Matilla de los Caños
47,84,3,Mayorga
47,86,9,Medina de Rioseco
47,85,6,Medina del Campo
47,87,5,Megeces
47,88,1,Melgar de Abajo
47,89,4,Melgar de Arriba
47,90,8,Mojados
47,91,5,Monasterio de Vega
47,92,0,Montealegre de Campos
47,93,6,Montemayor de Pililla
47,94,1,Moral de la Reina
47,95,4,Moraleja de las Panaderas
47,96,7,Morales de Campos
47,97,3,Mota del Marques
47,98,9,Mucientes
47,99,2,"Mudarra, La"
47,100,6,Muriel
47,101,3,Nava del Rey
47,102,8,Nueva Villa de las Torres
47,103,4,Olivares de Duero
47,104,9,Olmedo
47,105,2,Olmos de Esgueva
47,106,5,Olmos de Peñafiel
47,109,0,Palazuelo de Vedija
47,110,4,"Parrilla, La"
47,111,1,"Pedraja de Portillo, La"
47,112,6,Pedrajas de San Esteban
47,113,2,Pedrosa del Rey
47,114,7,Peñafiel
47,115,0,Peñaflor de Hornija
47,116,3,Pesquera de Duero
47,117,9,Piña de Esgueva
47,118,5,Piñel de Abajo
47,119,8,Piñel de Arriba
47,121,9,Pollos
47,122,4,Portillo
47,123,0,Pozal de Gallinas
47,124,5,Pozaldez
47,125,8,Pozuelo de la Orden
47,126,1,Puras
47,127,7,Quintanilla de Arriba
47,129,6,Quintanilla de Onesimo
47,130,0,Quintanilla de Trigueros
47,128,3,Quintanilla del Molar
47,131,7,Rabano
47,132,2,Ramiro
47,133,8,Renedo de Esgueva
47,134,3,Roales de Campos
47,135,6,Robladillo
47,137,5,Roturas
47,138,1,Rubi de Bracamonte
47,139,4,Rueda
47,140,8,Saelices de Mayorga
47,141,5,Salvador de Zapardiel
47,142,0,San Cebrian de Mazote
47,143,6,San Llorente
47,144,1,San Martin de Valveni
47,145,4,San Miguel del Arroyo
47,146,7,San Miguel del Pino
47,147,3,San Pablo de la Moraleja
47,148,9,San Pedro de Latarce
47,149,2,San Pelayo
47,150,5,San Roman de Hornija
47,151,2,San Salvador
47,156,4,San Vicente del Palacio
47,152,7,Santa Eufemia del Arroyo
47,153,3,Santervas de Campos
47,154,8,Santibañez de Valcorba
47,155,1,Santovenia de Pisuerga
47,157,0,Sardon de Duero
47,158,6,"Seca, La"
47,159,9,Serrada
47,160,3,Siete Iglesias de Trabancos
47,161,0,Simancas
47,162,5,Tamariz de Campos
47,163,1,Tiedra
47,164,6,Tordehumos
47,165,9,Tordesillas
47,169,7,Torre de Esgueva
47,170,1,Torre de Peñafiel
47,166,2,Torrecilla de la Abadesa
47,167,8,Torrecilla de la Orden
47,168,4,Torrecilla de la Torre
47,171,8,Torrelobaton
47,172,3,Torrescarcela
47,173,9,Traspinedo
47,174,4,Trigueros del Valle
47,175,7,Tudela de Duero
47,176,0,"Union de Campos, La"
47,177,6,Urones de Castroponce
47,178,2,Urueña
47,179,5,Valbuena de Duero
47,180,9,Valdearcos de la Vega
47,181,6,Valdenebro de los Valles
47,182,1,Valdestillas
47,183,7,Valdunquillo
47,186,8,Valladolid
47,184,2,Valoria la Buena
47,185,5,Valverde de Campos
47,187,4,Vega de Ruiponce
47,188,0,Vega de Valdetronco
47,189,3,Velascalvaro
47,190,7,Velilla
47,191,4,Velliza
47,192,9,Ventosa de la Cuesta
47,193,5,Viana de Cega
47,195,3,Villabañez
47,196,6,Villabaruz de Campos
47,197,2,Villabragima
47,198,8,Villacarralon
47,199,1,Villacid de Campos
47,200,5,Villaco
47,203,3,Villafrades de Campos
47,204,8,Villafranca de Duero
47,205,1,Villafrechos
47,206,4,Villafuerte
47,207,0,Villagarcia de Campos
47,208,6,Villagomez la Nueva
47,209,9,Villalan de Campos
47,210,3,Villalar de los Comuneros
47,211,0,Villalba de la Loma
47,212,5,Villalba de los Alcores
47,213,1,Villalbarba
47,214,6,Villalon de Campos
47,215,9,Villamuriel de Campos
47,216,2,Villan de Tordesillas
47,217,8,Villanubla
47,218,4,Villanueva de Duero
47,219,7,Villanueva de la Condesa
47,220,1,Villanueva de los Caballeros
47,221,8,Villanueva de los Infantes
47,222,3,Villanueva de San Mancio
47,223,9,Villardefrades
47,224,4,Villarmentero de Esgueva
47,225,7,Villasexmir
47,226,0,Villavaquerin
47,227,6,Villavellid
47,228,2,Villaverde de Medina
47,229,5,Villavicencio de los Caballeros
47,194,0,Viloria
47,230,9,Wamba
47,231,6,Zaratan
47,232,1,"Zarza, La"
48,1,0,Abadiño
48,2,5,Abanto y Ciervana-Abanto Zierbena
48,911,9,Ajangiz
48,912,4,Alonsotegi
48,3,1,Amorebieta-Etxano
48,4,6,Amoroto
48,5,9,Arakaldo
48,6,2,Arantzazu
48,93,2,Areatza
48,9,7,Arrankudiaga
48,914,5,Arratzu
48,10,1,Arrieta
48,11,8,Arrigorriaga
48,23,7,Artea
48,8,4,Artzentales
48,91,1,Atxondo
48,70,8,Aulesti
48,12,3,Bakio
48,90,4,Balmaseda
48,13,9,Barakaldo
48,14,4,Barrika
48,15,7,Basauri
48,92,6,Bedia
48,16,0,Berango
48,17,6,Bermeo
48,18,2,Berriatua
48,19,5,Berriz
48,20,9,Bilbao
48,21,6,Busturia
48,901,1,Derio
48,26,8,Dima
48,27,4,Durango
48,28,0,Ea
48,31,4,Elantxobe
48,32,9,Elorrio
48,902,6,Erandio
48,33,5,Ereño
48,34,0,Ermua
48,79,2,Errigoiti
48,29,3,Etxebarri
48,30,7,Etxebarria
48,906,3,Forua
48,35,3,Fruiz
48,36,6,Galdakao
48,37,2,Galdames
48,38,8,Gamiz-Fika
48,39,1,Garai
48,40,5,Gatika
48,41,2,Gautegiz Arteaga
48,46,4,Gernika-Lumo
48,44,8,Getxo
48,47,0,Gizaburuaga
48,42,7,Gordexola
48,43,3,Gorliz
48,45,1,Güeñes
48,48,6,Ibarrangelu
48,94,7,Igorre
48,49,9,Ispaster
48,910,2,Iurreta
48,50,2,Izurtza
48,22,1,Karrantza Harana/Valle de Carranza
48,907,9,Kortezubi
48,51,9,Lanestosa
48,52,4,Larrabetzu
48,53,0,Laukiz
48,54,5,Leioa
48,57,7,Lekeitio
48,55,8,Lemoa
48,56,1,Lemoiz
48,81,3,Lezama
48,903,2,Loiu
48,58,3,Mallabia
48,59,6,Mañaria
48,60,0,Markina-Xemein
48,61,7,Maruri-Jatabe
48,62,2,Mendata
48,63,8,Mendexa
48,64,3,Meñaka
48,66,9,Morga
48,68,1,Mundaka
48,69,4,Mungia
48,7,8,Munitibar-Arbatzegi Gerrikaitz
48,908,5,Murueta
48,71,5,Muskiz
48,67,5,Muxika
48,909,8,Nabarniz
48,73,6,Ondarroa
48,75,4,Orozko
48,83,4,Ortuella
48,72,0,Otxandio
48,77,3,Plentzia
48,78,9,Portugalete
48,82,8,Santurtzi
48,84,9,Sestao
48,904,7,Sondika
48,85,2,Sopelana
48,86,5,Sopuerta
48,76,7,Sukarrieta
48,87,1,Trucios-Turtzioz
48,88,7,Ubide
48,65,6,Ugao-Miraballes
48,89,0,Urduliz
48,74,1,Urduña/Orduña
48,80,6,Valle de Trapaga-Trapagaran
48,95,0,Zaldibar
48,96,3,Zalla
48,905,0,Zamudio
48,97,9,Zaratamo
48,24,2,Zeanuri
48,25,5,Zeberio
48,913,0,Zierbena
48,915,8,Ziortza-Bolibar
49,2,8,Abezames
49,3,4,Alcañices
49,4,9,Alcubilla de Nogales
49,5,2,Alfaraz de Sayago
49,6,5,Algodre
49,7,1,Almaraz de Duero
49,8,7,Almeida de Sayago
49,9,0,Andavias
49,10,4,Arcenillas
49,11,1,Arcos de la Polvorosa
49,12,6,Argañin
49,13,2,Argujillo
49,14,7,Arquillinos
49,15,0,Arrabalde
49,16,3,Aspariegos
49,17,9,Asturianos
49,18,5,Ayoo de Vidriales
49,19,8,Barcial del Barco
49,20,2,Belver de los Montes
49,21,9,Benavente
49,22,4,Benegiles
49,23,0,Bermillo de Sayago
49,24,5,"Boveda de Toro, La"
49,25,8,Breto
49,26,1,Bretocino
49,27,7,Brime de Sog
49,28,3,Brime de Urz
49,29,6,Burganes de Valverde
49,30,0,Bustillo del Oro
49,31,7,Cabañas de Sayago
49,32,2,Calzadilla de Tera
49,33,8,Camarzana de Tera
49,34,3,Cañizal
49,35,6,Cañizo
49,36,9,Carbajales de Alba
49,37,5,Carbellino
49,38,1,Casaseca de Campean
49,39,4,Casaseca de las Chanas
49,40,8,Castrillo de la Guareña
49,41,5,Castrogonzalo
49,42,0,Castronuevo
49,43,6,Castroverde de Campos
49,44,1,Cazurra
49,46,7,Cerecinos de Campos
49,47,3,Cerecinos del Carrizal
49,48,9,Cernadilla
49,50,5,Cobreros
49,52,7,Coomonte
49,53,3,Coreses
49,54,8,Corrales del Vino
49,55,1,Cotanes del Monte
49,56,4,Cubillos
49,57,0,Cubo de Benavente
49,58,6,"Cubo de Tierra del Vino, El"
49,59,9,Cuelgamures
49,61,0,Entrala
49,62,5,Espadañedo
49,63,1,Faramontanos de Tabara
49,64,6,Fariza
49,65,9,Fermoselle
49,66,2,Ferreras de Abajo
49,67,8,Ferreras de Arriba
49,68,4,Ferreruela
49,69,7,Figueruela de Arriba
49,71,8,Fonfria
49,75,7,Fresno de la Polvorosa
49,76,0,Fresno de la Ribera
49,77,6,Fresno de Sayago
49,78,2,Friera de Valverde
49,79,5,Fuente Encalada
49,80,9,Fuentelapeña
49,82,1,Fuentes de Ropel
49,81,6,Fuentesauco
49,83,7,Fuentesecas
49,84,2,Fuentespreadas
49,85,5,Galende
49,86,8,Gallegos del Pan
49,87,4,Gallegos del Rio
49,88,0,Gamones
49,90,7,Gema
49,91,4,Granja de Moreruela
49,92,9,Granucillo
49,93,5,Guarrate
49,94,0,Hermisende
49,95,3,"Hiniesta, La"
49,96,6,Jambrina
49,97,2,Justel
49,98,8,Losacino
49,99,1,Losacio
49,100,5,Lubian
49,101,2,Luelmo
49,102,7,"Maderal, El"
49,103,3,Madridanos
49,104,8,Mahide
49,105,1,Maire de Castroponce
49,107,0,Malva
49,108,6,Manganeses de la Lampreana
49,109,9,Manganeses de la Polvorosa
49,110,3,Manzanal de Arriba
49,112,5,Manzanal de los Infantes
49,111,0,Manzanal del Barco
49,113,1,Matilla de Arzon
49,114,6,Matilla la Seca
49,115,9,Mayalde
49,116,2,Melgar de Tera
49,117,8,Micereces de Tera
49,118,4,Milles de la Polvorosa
49,119,7,Molacillos
49,120,1,Molezuelas de la Carballeda
49,121,8,Mombuey
49,122,3,Monfarracinos
49,123,9,Montamarta
49,124,4,Moral de Sayago
49,126,0,Moraleja de Sayago
49,125,7,Moraleja del Vino
49,128,2,Morales de Rey
49,129,5,Morales de Toro
49,130,9,Morales de Valverde
49,127,6,Morales del Vino
49,131,6,Moralina
49,132,1,Moreruela de los Infanzones
49,133,7,Moreruela de Tabara
49,134,2,Muelas de los Caballeros
49,135,5,Muelas del Pan
49,136,8,Muga de Sayago
49,137,4,Navianos de Valverde
49,138,0,Olmillos de Castro
49,139,3,Otero de Bodas
49,141,4,Pajares de la Lampreana
49,143,5,Palacios de Sanabria
49,142,9,Palacios del Pan
49,145,3,Pedralba de la Praderia
49,146,6,"Pego, El"
49,147,2,Peleagonzalo
49,148,8,Peleas de Abajo
49,149,1,Peñausende
49,150,4,Peque
49,151,1,"Perdigon, El"
49,152,6,Pereruela
49,153,2,Perilla de Castro
49,154,7,Pias
49,155,0,Piedrahita de Castro
49,156,3,Pinilla de Toro
49,157,9,Pino del Oro
49,158,5,"Piñero, El"
49,160,2,Pobladura de Valderaduey
49,159,8,Pobladura del Valle
49,162,4,Porto
49,163,0,Pozoantiguo
49,164,5,Pozuelo de Tabara
49,165,8,Prado
49,166,1,Puebla de Sanabria
49,167,7,Pueblica de Valverde
49,170,0,Quintanilla de Urz
49,168,3,Quintanilla del Monte
49,169,6,Quintanilla del Olmo
49,171,7,Quiruelas de Vidriales
49,172,2,Rabanales
49,173,8,Rabano de Aliste
49,174,3,Requejo
49,175,6,Revellinos
49,176,9,Riofrio de Aliste
49,177,5,Rionegro del Puente
49,178,1,Roales
49,179,4,Robleda-Cervantes
49,180,8,Roelos de Sayago
49,181,5,Rosinos de la Requejada
49,183,6,Salce
49,184,1,Samir de los Caños
49,185,4,San Agustin del Pozo
49,186,7,San Cebrian de Castro
49,187,3,San Cristobal de Entreviñas
49,188,9,San Esteban del Molar
49,189,2,San Justo
49,190,6,San Martin de Valderaduey
49,191,3,San Miguel de la Ribera
49,192,8,San Miguel del Valle
49,193,4,San Pedro de Ceque
49,194,9,San Pedro de la Nave-Almendra
49,208,5,San Vicente de la Cabeza
49,209,8,San Vitero
49,197,1,Santa Clara de Avedillo
49,199,0,Santa Colomba de las Monjas
49,200,4,Santa Cristina de la Polvorosa
49,201,1,Santa Croya de Tera
49,202,6,Santa Eufemia del Barco
49,203,2,Santa Maria de la Vega
49,204,7,Santa Maria de Valverde
49,205,0,Santibañez de Tera
49,206,3,Santibañez de Vidriales
49,207,9,Santovenia
49,210,2,Sanzoles
49,214,5,Tabara
49,216,1,Tapioles
49,219,6,Toro
49,220,0,"Torre del Valle, La"
49,221,7,Torregamones
49,222,2,Torres del Carrizal
49,223,8,Trabazos
49,224,3,Trefacio
49,225,6,Uña de Quintana
49,226,9,Vadillo de la Guareña
49,227,5,Valcabado
49,228,1,Valdefinjas
49,229,4,Valdescorriel
49,230,8,Vallesa de la Guareña
49,231,5,Vega de Tera
49,232,0,Vega de Villalobos
49,233,6,Vegalatrave
49,234,1,Venialbo
49,235,4,Vezdemarban
49,236,7,Vidayanes
49,237,3,Videmala
49,238,9,Villabrazaro
49,239,2,Villabuena del Puente
49,240,6,Villadepera
49,241,3,Villaescusa
49,242,8,Villafafila
49,243,4,Villaferrueña
49,244,9,Villageriz
49,245,2,Villalazan
49,246,5,Villalba de la Lampreana
49,247,1,Villalcampo
49,248,7,Villalobos
49,249,0,Villalonso
49,250,3,Villalpando
49,251,0,Villalube
49,252,5,Villamayor de Campos
49,255,9,Villamor de los Escuderos
49,256,2,Villanazar
49,257,8,Villanueva de Azoague
49,258,4,Villanueva de Campean
49,259,7,Villanueva de las Peras
49,260,1,Villanueva del Campo
49,263,9,Villar de Fallaves
49,264,4,Villar del Buey
49,261,8,Villaralbo
49,262,3,Villardeciervos
49,265,7,Villardiegua de la Ribera
49,266,0,Villardiga
49,267,6,Villardondiego
49,268,2,Villarrin de Campos
49,269,5,Villaseco del Pan
49,270,9,Villavendimio
49,272,1,Villaveza de Valverde
49,271,6,Villaveza del Agua
49,273,7,Viñas
49,275,5,Zamora
50,1,6,Abanto
50,2,1,Acered
50,3,7,Agon
50,4,2,Aguaron
50,5,5,Aguilon
50,6,8,Ainzon
50,7,4,Aladren
50,8,0,Alagon
50,9,3,Alarba
50,10,7,Alberite de San Juan
50,11,4,Albeta
50,12,9,Alborge
50,13,5,Alcala de Ebro
50,14,0,Alcala de Moncayo
50,15,3,Alconchel de Ariza
50,16,6,Aldehuela de Liestos
50,17,2,Alfajarin
50,18,8,Alfamen
50,19,1,Alforque
50,20,5,Alhama de Aragon
50,21,2,Almochuel
50,22,7,"Almolda, La"
50,23,3,Almonacid de la Cuba
50,24,8,Almonacid de la Sierra
50,25,1,"Almunia de Doña Godina, La"
50,26,4,Alpartir
50,27,0,Ambel
50,28,6,Anento
50,29,9,Aniñon
50,30,3,Añon de Moncayo
50,31,0,Aranda de Moncayo
50,32,5,Arandiga
50,33,1,Ardisa
50,34,6,Ariza
50,35,9,Artieda
50,36,2,Asin
50,37,8,Atea
50,38,4,Ateca
50,39,7,Azuara
50,40,1,Badules
50,41,8,Bagües
50,42,3,Balconchan
50,43,9,Barboles
50,44,4,Bardallur
50,45,7,Belchite
50,46,0,Belmonte de Gracian
50,47,6,Berdejo
50,48,2,Berrueco
50,901,7,Biel
50,50,8,Bijuesca
50,51,5,Biota
50,52,0,Bisimbre
50,53,6,Boquiñeni
50,54,1,Bordalba
50,55,4,Borja
50,56,7,Botorrita
50,57,3,Brea de Aragon
50,58,9,Bubierca
50,59,2,Bujaraloz
50,60,6,Bulbuente
50,61,3,Bureta
50,62,8,"Burgo de Ebro, El"
50,63,4,"Buste, El"
50,64,9,Cabañas de Ebro
50,65,2,Cabolafuente
50,66,5,Cadrete
50,67,1,Calatayud
50,68,7,Calatorao
50,69,0,Calcena
50,70,4,Calmarza
50,71,1,Campillo de Aragon
50,72,6,Carenas
50,73,2,Cariñena
50,74,7,Caspe
50,75,0,Castejon de Alarba
50,76,3,Castejon de las Armas
50,77,9,Castejon de Valdejasa
50,78,5,Castiliscar
50,79,8,Cervera de la Cañada
50,80,2,Cerveruela
50,81,9,Cetina
50,92,2,Chiprana
50,93,8,Chodes
50,82,4,Cimballa
50,83,0,Cinco Olivas
50,84,5,Clares de Ribota
50,85,8,Codo
50,86,1,Codos
50,87,7,Contamina
50,88,3,Cosuenda
50,89,6,Cuarte de Huerva
50,90,0,Cubel
50,91,7,"Cuerlas, Las"
50,94,3,Daroca
50,95,6,Ejea de los Caballeros
50,96,9,Embid de Ariza
50,98,1,Encinacorba
50,99,4,Epila
50,100,8,Erla
50,101,5,Escatron
50,102,0,Fabara
50,104,1,Farlete
50,105,4,Fayon
50,106,7,"Fayos, Los"
50,107,3,Figueruelas
50,108,9,Fombuena
50,109,2,"Frago, El"
50,110,6,"Frasno, El"
50,111,3,Frescano
50,113,4,Fuendejalon
50,114,9,Fuendetodos
50,115,2,Fuentes de Ebro
50,116,5,Fuentes de Jiloca
50,117,1,Gallocanta
50,118,7,Gallur
50,119,0,Gelsa
50,120,4,Godojos
50,121,1,Gotor
50,122,6,Grisel
50,123,2,Grisen
50,124,7,Herrera de los Navarros
50,125,0,Ibdes
50,126,3,Illueca
50,128,5,Isuerre
50,129,8,Jaraba
50,130,2,Jarque
50,131,9,Jaulin
50,132,4,"Joyosa, La"
50,133,0,Lagata
50,134,5,Langa del Castillo
50,135,8,Layana
50,136,1,Lecera
50,138,3,Lechon
50,137,7,Leciñena
50,139,6,Letux
50,140,0,Litago
50,141,7,Lituenigo
50,142,2,Lobera de Onsella
50,143,8,Longares
50,144,3,Longas
50,146,9,Lucena de Jalon
50,147,5,Luceni
50,148,1,Luesia
50,149,4,Luesma
50,150,7,Lumpiaque
50,151,4,Luna
50,152,9,Maella
50,153,5,Magallon
50,154,0,Mainar
50,155,3,Malanquilla
50,156,6,Malejan
50,160,5,Mallen
50,157,2,Malon
50,159,1,Maluenda
50,161,2,Manchones
50,162,7,Mara
50,163,3,Maria de Huerva
50,902,2,Marracos
50,164,8,Mediana de Aragon
50,165,1,Mequinenza
50,166,4,Mesones de Isuela
50,167,0,Mezalocha
50,168,6,Mianos
50,169,9,Miedes de Aragon
50,170,3,Monegrillo
50,171,0,Moneva
50,172,5,Monreal de Ariza
50,173,1,Monterde
50,174,6,Monton
50,175,9,Morata de Jalon
50,176,2,Morata de Jiloca
50,177,8,Mores
50,178,4,Moros
50,179,7,Moyuela
50,180,1,Mozota
50,181,8,Muel
50,182,3,"Muela, La"
50,183,9,Munebrega
50,184,4,Murero
50,185,7,Murillo de Gallego
50,186,0,Navardun
50,187,6,Nigüella
50,188,2,Nombrevilla
50,189,5,Nonaspe
50,190,9,Novallas
50,191,6,Novillas
50,192,1,Nuevalos
50,193,7,Nuez de Ebro
50,194,2,Olves
50,195,5,Orcajo
50,196,8,Orera
50,197,4,Ores
50,198,0,Oseja
50,199,3,Osera de Ebro
50,200,7,Paniza
50,201,4,Paracuellos de Jiloca
50,202,9,Paracuellos de la Ribera
50,203,5,Pastriz
50,204,0,Pedrola
50,205,3,"Pedrosas, Las"
50,206,6,Perdiguera
50,207,2,Piedratajada
50,208,8,Pina de Ebro
50,209,1,Pinseque
50,210,5,"Pintanos, Los"
50,211,2,Plasencia de Jalon
50,212,7,Pleitas
50,213,3,Plenas
50,214,8,Pomer
50,215,1,Pozuel de Ariza
50,216,4,Pozuelo de Aragon
50,217,0,Pradilla de Ebro
50,218,6,Puebla de Alborton
50,219,9,"Puebla de Alfinden, La"
50,220,3,Puendeluna
50,221,0,Purujosa
50,222,5,Quinto
50,223,1,Remolinos
50,224,6,Retascon
50,225,9,Ricla
50,227,8,Romanos
50,228,4,Rueda de Jalon
50,229,7,Ruesca
50,241,6,Sabiñan
50,230,1,Sadaba
50,231,8,Salillas de Jalon
50,232,3,Salvatierra de Esca
50,233,9,Samper del Salz
50,234,4,San Martin de la Virgen de Moncayo
50,235,7,San Mateo de Gallego
50,236,0,Santa Cruz de Grio
50,237,6,Santa Cruz de Moncayo
50,238,2,Santa Eulalia de Gallego
50,239,5,Santed
50,240,9,Sastago
50,242,1,Sediles
50,243,7,Sestrica
50,244,2,Sierra de Luna
50,245,5,Sigües
50,246,8,Sisamon
50,247,4,Sobradiel
50,248,0,Sos del Rey Catolico
50,249,3,Tabuenca
50,250,6,Talamantes
50,251,3,Tarazona
50,252,8,Tauste
50,253,4,Terrer
50,254,9,Tierga
50,255,2,Tobed
50,256,5,Torralba de los Frailes
50,257,1,Torralba de Ribota
50,258,7,Torralbilla
50,259,0,Torrehermosa
50,260,4,Torrelapaja
50,261,1,Torrellas
50,262,6,Torres de Berrellen
50,263,2,Torrijo de la Cañada
50,264,7,Tosos
50,265,0,Trasmoz
50,266,3,Trasobares
50,267,9,Uncastillo
50,268,5,Undues de Lerda
50,269,8,Urrea de Jalon
50,270,2,Urries
50,271,9,Used
50,272,4,Utebo
50,274,5,Val de San Martin
50,273,0,Valdehorna
50,275,8,Valmadrid
50,276,1,Valpalmas
50,277,7,Valtorres
50,278,3,Velilla de Ebro
50,279,6,Velilla de Jiloca
50,280,0,Vera de Moncayo
50,281,7,Vierlas
50,283,8,Villadoz
50,284,3,Villafeliche
50,285,6,Villafranca de Ebro
50,286,9,Villalba de Perejil
50,287,5,Villalengua
50,903,8,Villamayor de Gallego
50,288,1,Villanueva de Gallego
50,290,8,Villanueva de Huerva
50,289,4,Villanueva de Jiloca
50,291,5,Villar de los Navarros
50,292,0,Villarreal de Huerva
50,293,6,Villarroya de la Sierra
50,294,1,Villarroya del Campo
50,282,2,"Vilueña, La"
50,295,4,Vistabella
50,296,7,"Zaida, La"
50,297,3,Zaragoza
50,298,9,Zuera
51,1,3,Ceuta
52,1,8,Melilla
